-- MySQL dump 10.16  Distrib 10.1.29-MariaDB, for debian-linux-gnu (x86_64)
--
-- Host: localhost    Database: eapi
-- ------------------------------------------------------
-- Server version	10.1.29-MariaDB-6

/*!40101 SET @OLD_CHARACTER_SET_CLIENT=@@CHARACTER_SET_CLIENT */;
/*!40101 SET @OLD_CHARACTER_SET_RESULTS=@@CHARACTER_SET_RESULTS */;
/*!40101 SET @OLD_COLLATION_CONNECTION=@@COLLATION_CONNECTION */;
/*!40101 SET NAMES utf8mb4 */;
/*!40103 SET @OLD_TIME_ZONE=@@TIME_ZONE */;
/*!40103 SET TIME_ZONE='+00:00' */;
/*!40014 SET @OLD_UNIQUE_CHECKS=@@UNIQUE_CHECKS, UNIQUE_CHECKS=0 */;
/*!40014 SET @OLD_FOREIGN_KEY_CHECKS=@@FOREIGN_KEY_CHECKS, FOREIGN_KEY_CHECKS=0 */;
/*!40101 SET @OLD_SQL_MODE=@@SQL_MODE, SQL_MODE='NO_AUTO_VALUE_ON_ZERO' */;
/*!40111 SET @OLD_SQL_NOTES=@@SQL_NOTES, SQL_NOTES=0 */;

--
-- Table structure for table `migrations`
--

DROP TABLE IF EXISTS `migrations`;
/*!40101 SET @saved_cs_client     = @@character_set_client */;
/*!40101 SET character_set_client = utf8 */;
CREATE TABLE `migrations` (
  `id` int(10) unsigned NOT NULL AUTO_INCREMENT,
  `migration` varchar(191) COLLATE utf8mb4_unicode_ci NOT NULL,
  `batch` int(11) NOT NULL,
  PRIMARY KEY (`id`)
) ENGINE=InnoDB AUTO_INCREMENT=5 DEFAULT CHARSET=utf8mb4 COLLATE=utf8mb4_unicode_ci;
/*!40101 SET character_set_client = @saved_cs_client */;

--
-- Dumping data for table `migrations`
--

LOCK TABLES `migrations` WRITE;
/*!40000 ALTER TABLE `migrations` DISABLE KEYS */;
INSERT INTO `migrations` VALUES (1,'2014_10_12_000000_create_users_table',1),(2,'2014_10_12_100000_create_password_resets_table',1),(3,'2018_07_07_164645_create_products_table',1),(4,'2018_07_07_164824_create_reviews_table',1);
/*!40000 ALTER TABLE `migrations` ENABLE KEYS */;
UNLOCK TABLES;

--
-- Table structure for table `password_resets`
--

DROP TABLE IF EXISTS `password_resets`;
/*!40101 SET @saved_cs_client     = @@character_set_client */;
/*!40101 SET character_set_client = utf8 */;
CREATE TABLE `password_resets` (
  `email` varchar(191) COLLATE utf8mb4_unicode_ci NOT NULL,
  `token` varchar(191) COLLATE utf8mb4_unicode_ci NOT NULL,
  `created_at` timestamp NULL DEFAULT NULL,
  KEY `password_resets_email_index` (`email`)
) ENGINE=InnoDB DEFAULT CHARSET=utf8mb4 COLLATE=utf8mb4_unicode_ci;
/*!40101 SET character_set_client = @saved_cs_client */;

--
-- Dumping data for table `password_resets`
--

LOCK TABLES `password_resets` WRITE;
/*!40000 ALTER TABLE `password_resets` DISABLE KEYS */;
/*!40000 ALTER TABLE `password_resets` ENABLE KEYS */;
UNLOCK TABLES;

--
-- Table structure for table `products`
--

DROP TABLE IF EXISTS `products`;
/*!40101 SET @saved_cs_client     = @@character_set_client */;
/*!40101 SET character_set_client = utf8 */;
CREATE TABLE `products` (
  `id` int(10) unsigned NOT NULL AUTO_INCREMENT,
  `name` varchar(191) COLLATE utf8mb4_unicode_ci NOT NULL,
  `detail` text COLLATE utf8mb4_unicode_ci NOT NULL,
  `price` int(11) NOT NULL,
  `stock` int(11) NOT NULL,
  `discount` int(11) NOT NULL,
  `created_at` timestamp NULL DEFAULT NULL,
  `updated_at` timestamp NULL DEFAULT NULL,
  PRIMARY KEY (`id`)
) ENGINE=InnoDB AUTO_INCREMENT=101 DEFAULT CHARSET=utf8mb4 COLLATE=utf8mb4_unicode_ci;
/*!40101 SET character_set_client = @saved_cs_client */;

--
-- Dumping data for table `products`
--

LOCK TABLES `products` WRITE;
/*!40000 ALTER TABLE `products` DISABLE KEYS */;
INSERT INTO `products` VALUES (1,'fugiat','quia',245,8,19,'2018-07-07 13:24:52','2018-07-07 13:24:52'),(2,'ut','eos',613,2,10,'2018-07-07 13:24:52','2018-07-07 13:24:52'),(3,'qui','rerum',199,5,7,'2018-07-07 13:24:52','2018-07-07 13:24:52'),(4,'quod','excepturi',647,8,27,'2018-07-07 13:24:52','2018-07-07 13:24:52'),(5,'qui','nulla',143,1,21,'2018-07-07 13:24:52','2018-07-07 13:24:52'),(6,'ullam','placeat',261,8,11,'2018-07-07 13:24:52','2018-07-07 13:24:52'),(7,'laborum','aut',962,5,29,'2018-07-07 13:24:52','2018-07-07 13:24:52'),(8,'et','iure',709,4,29,'2018-07-07 13:24:52','2018-07-07 13:24:52'),(9,'doloremque','est',722,7,9,'2018-07-07 13:24:52','2018-07-07 13:24:52'),(10,'et','mollitia',587,2,25,'2018-07-07 13:24:52','2018-07-07 13:24:52'),(11,'beatae','tenetur',304,6,5,'2018-07-07 13:24:52','2018-07-07 13:24:52'),(12,'dignissimos','natus',390,3,16,'2018-07-07 13:24:52','2018-07-07 13:24:52'),(13,'repellat','quis',715,8,3,'2018-07-07 13:24:52','2018-07-07 13:24:52'),(14,'pariatur','dolores',549,4,10,'2018-07-07 13:24:52','2018-07-07 13:24:52'),(15,'qui','dolores',216,6,15,'2018-07-07 13:24:52','2018-07-07 13:24:52'),(16,'aut','dolores',890,6,22,'2018-07-07 13:24:52','2018-07-07 13:24:52'),(17,'sed','ipsa',916,8,5,'2018-07-07 13:24:52','2018-07-07 13:24:52'),(18,'neque','deserunt',853,1,7,'2018-07-07 13:24:52','2018-07-07 13:24:52'),(19,'dolores','ut',186,2,8,'2018-07-07 13:24:52','2018-07-07 13:24:52'),(20,'asperiores','omnis',582,3,24,'2018-07-07 13:24:52','2018-07-07 13:24:52'),(21,'aut','inventore',620,1,7,'2018-07-07 13:24:52','2018-07-07 13:24:52'),(22,'voluptate','explicabo',522,9,15,'2018-07-07 13:24:52','2018-07-07 13:24:52'),(23,'qui','quo',875,7,13,'2018-07-07 13:24:52','2018-07-07 13:24:52'),(24,'aut','reiciendis',899,4,7,'2018-07-07 13:24:52','2018-07-07 13:24:52'),(25,'quam','maiores',159,7,8,'2018-07-07 13:24:52','2018-07-07 13:24:52'),(26,'et','nesciunt',617,0,16,'2018-07-07 13:24:52','2018-07-07 13:24:52'),(27,'possimus','ea',448,5,18,'2018-07-07 13:24:52','2018-07-07 13:24:52'),(28,'sunt','cumque',718,7,24,'2018-07-07 13:24:52','2018-07-07 13:24:52'),(29,'vel','ut',697,9,8,'2018-07-07 13:24:52','2018-07-07 13:24:52'),(30,'praesentium','id',799,2,20,'2018-07-07 13:24:52','2018-07-07 13:24:52'),(31,'aut','voluptates',769,1,12,'2018-07-07 13:24:52','2018-07-07 13:24:52'),(32,'corporis','autem',815,8,2,'2018-07-07 13:24:52','2018-07-07 13:24:52'),(33,'repellendus','asperiores',933,7,8,'2018-07-07 13:24:52','2018-07-07 13:24:52'),(34,'quaerat','fuga',683,8,6,'2018-07-07 13:24:52','2018-07-07 13:24:52'),(35,'et','perspiciatis',293,2,12,'2018-07-07 13:24:52','2018-07-07 13:24:52'),(36,'numquam','nihil',245,1,4,'2018-07-07 13:24:52','2018-07-07 13:24:52'),(37,'repellat','minus',197,0,26,'2018-07-07 13:24:52','2018-07-07 13:24:52'),(38,'voluptatum','similique',535,1,5,'2018-07-07 13:24:52','2018-07-07 13:24:52'),(39,'sit','expedita',361,4,17,'2018-07-07 13:24:52','2018-07-07 13:24:52'),(40,'minus','enim',927,8,24,'2018-07-07 13:24:52','2018-07-07 13:24:52'),(41,'sit','deserunt',143,5,4,'2018-07-07 13:24:52','2018-07-07 13:24:52'),(42,'in','eaque',128,0,19,'2018-07-07 13:24:52','2018-07-07 13:24:52'),(43,'dolores','est',460,0,23,'2018-07-07 13:24:52','2018-07-07 13:24:52'),(44,'fuga','qui',866,7,3,'2018-07-07 13:24:52','2018-07-07 13:24:52'),(45,'sequi','odio',932,8,10,'2018-07-07 13:24:52','2018-07-07 13:24:52'),(46,'delectus','praesentium',128,6,8,'2018-07-07 13:24:52','2018-07-07 13:24:52'),(47,'hic','et',953,5,5,'2018-07-07 13:24:52','2018-07-07 13:24:52'),(48,'laudantium','culpa',886,1,14,'2018-07-07 13:24:52','2018-07-07 13:24:52'),(49,'eos','quisquam',222,6,18,'2018-07-07 13:24:52','2018-07-07 13:24:52'),(50,'consectetur','quia',303,2,21,'2018-07-07 13:24:52','2018-07-07 13:24:52'),(51,'vel','recusandae',767,6,8,'2018-07-07 13:26:19','2018-07-07 13:26:19'),(52,'ea','sunt',232,9,8,'2018-07-07 13:26:19','2018-07-07 13:26:19'),(53,'iusto','esse',160,8,14,'2018-07-07 13:26:19','2018-07-07 13:26:19'),(54,'tempore','sit',781,7,21,'2018-07-07 13:26:19','2018-07-07 13:26:19'),(55,'fugit','animi',557,2,26,'2018-07-07 13:26:19','2018-07-07 13:26:19'),(56,'dolor','quidem',659,4,22,'2018-07-07 13:26:19','2018-07-07 13:26:19'),(57,'et','incidunt',216,8,22,'2018-07-07 13:26:19','2018-07-07 13:26:19'),(58,'eos','excepturi',568,6,21,'2018-07-07 13:26:19','2018-07-07 13:26:19'),(59,'temporibus','quo',204,6,26,'2018-07-07 13:26:19','2018-07-07 13:26:19'),(60,'veniam','accusamus',246,4,19,'2018-07-07 13:26:19','2018-07-07 13:26:19'),(61,'tempore','cum',274,8,3,'2018-07-07 13:26:19','2018-07-07 13:26:19'),(62,'optio','omnis',914,1,26,'2018-07-07 13:26:19','2018-07-07 13:26:19'),(63,'sunt','consequatur',207,1,10,'2018-07-07 13:26:19','2018-07-07 13:26:19'),(64,'et','odit',599,5,16,'2018-07-07 13:26:19','2018-07-07 13:26:19'),(65,'voluptatem','animi',785,5,27,'2018-07-07 13:26:19','2018-07-07 13:26:19'),(66,'aliquid','amet',416,2,26,'2018-07-07 13:26:19','2018-07-07 13:26:19'),(67,'ex','dignissimos',890,8,11,'2018-07-07 13:26:19','2018-07-07 13:26:19'),(68,'odit','facilis',924,9,30,'2018-07-07 13:26:19','2018-07-07 13:26:19'),(69,'repudiandae','tempora',403,8,24,'2018-07-07 13:26:19','2018-07-07 13:26:19'),(70,'quae','amet',679,4,3,'2018-07-07 13:26:19','2018-07-07 13:26:19'),(71,'omnis','corrupti',368,7,17,'2018-07-07 13:26:19','2018-07-07 13:26:19'),(72,'optio','aspernatur',342,0,13,'2018-07-07 13:26:19','2018-07-07 13:26:19'),(73,'iusto','sapiente',322,2,13,'2018-07-07 13:26:19','2018-07-07 13:26:19'),(74,'ducimus','quia',486,7,6,'2018-07-07 13:26:19','2018-07-07 13:26:19'),(75,'in','et',703,6,8,'2018-07-07 13:26:19','2018-07-07 13:26:19'),(76,'sint','harum',466,0,19,'2018-07-07 13:26:19','2018-07-07 13:26:19'),(77,'quasi','omnis',704,5,13,'2018-07-07 13:26:19','2018-07-07 13:26:19'),(78,'omnis','doloremque',405,7,24,'2018-07-07 13:26:19','2018-07-07 13:26:19'),(79,'aut','rem',909,8,22,'2018-07-07 13:26:19','2018-07-07 13:26:19'),(80,'ea','deserunt',169,8,11,'2018-07-07 13:26:19','2018-07-07 13:26:19'),(81,'ut','consequatur',604,8,14,'2018-07-07 13:26:19','2018-07-07 13:26:19'),(82,'qui','ad',239,1,19,'2018-07-07 13:26:19','2018-07-07 13:26:19'),(83,'velit','itaque',568,5,5,'2018-07-07 13:26:19','2018-07-07 13:26:19'),(84,'eos','quam',204,2,26,'2018-07-07 13:26:19','2018-07-07 13:26:19'),(85,'laboriosam','ducimus',383,7,30,'2018-07-07 13:26:19','2018-07-07 13:26:19'),(86,'rerum','fugiat',219,7,7,'2018-07-07 13:26:19','2018-07-07 13:26:19'),(87,'vel','ea',458,3,24,'2018-07-07 13:26:19','2018-07-07 13:26:19'),(88,'explicabo','itaque',432,6,11,'2018-07-07 13:26:19','2018-07-07 13:26:19'),(89,'et','quo',340,9,12,'2018-07-07 13:26:19','2018-07-07 13:26:19'),(90,'rem','quia',633,6,9,'2018-07-07 13:26:19','2018-07-07 13:26:19'),(91,'tenetur','iure',436,8,15,'2018-07-07 13:26:19','2018-07-07 13:26:19'),(92,'laudantium','nihil',484,8,10,'2018-07-07 13:26:19','2018-07-07 13:26:19'),(93,'expedita','est',325,9,24,'2018-07-07 13:26:19','2018-07-07 13:26:19'),(94,'quaerat','reiciendis',110,8,15,'2018-07-07 13:26:19','2018-07-07 13:26:19'),(95,'quia','rerum',341,1,18,'2018-07-07 13:26:19','2018-07-07 13:26:19'),(96,'voluptas','nam',438,3,12,'2018-07-07 13:26:19','2018-07-07 13:26:19'),(97,'rerum','voluptas',372,7,10,'2018-07-07 13:26:19','2018-07-07 13:26:19'),(98,'eos','veniam',694,4,11,'2018-07-07 13:26:20','2018-07-07 13:26:20'),(99,'voluptatem','quasi',803,5,9,'2018-07-07 13:26:20','2018-07-07 13:26:20'),(100,'est','commodi',299,8,16,'2018-07-07 13:26:20','2018-07-07 13:26:20');
/*!40000 ALTER TABLE `products` ENABLE KEYS */;
UNLOCK TABLES;

--
-- Table structure for table `reviews`
--

DROP TABLE IF EXISTS `reviews`;
/*!40101 SET @saved_cs_client     = @@character_set_client */;
/*!40101 SET character_set_client = utf8 */;
CREATE TABLE `reviews` (
  `id` int(10) unsigned NOT NULL AUTO_INCREMENT,
  `product_id` int(10) unsigned NOT NULL,
  `customer` varchar(191) COLLATE utf8mb4_unicode_ci NOT NULL,
  `review` text COLLATE utf8mb4_unicode_ci NOT NULL,
  `star` int(11) NOT NULL,
  `created_at` timestamp NULL DEFAULT NULL,
  `updated_at` timestamp NULL DEFAULT NULL,
  PRIMARY KEY (`id`),
  KEY `reviews_product_id_index` (`product_id`),
  CONSTRAINT `reviews_product_id_foreign` FOREIGN KEY (`product_id`) REFERENCES `products` (`id`) ON DELETE CASCADE
) ENGINE=InnoDB AUTO_INCREMENT=301 DEFAULT CHARSET=utf8mb4 COLLATE=utf8mb4_unicode_ci;
/*!40101 SET character_set_client = @saved_cs_client */;

--
-- Dumping data for table `reviews`
--

LOCK TABLES `reviews` WRITE;
/*!40000 ALTER TABLE `reviews` DISABLE KEYS */;
INSERT INTO `reviews` VALUES (1,69,'Mr. Orin Gottlieb','Ipsa ut ex saepe voluptatem. Distinctio nihil culpa fugiat illum minus facilis. Consectetur dicta praesentium eum iusto esse numquam. Qui officia nostrum explicabo qui illo vero.',4,'2018-07-07 13:26:20','2018-07-07 13:26:20'),(2,64,'Lewis Bahringer','Nostrum aut repellendus vitae adipisci beatae. Eveniet tenetur similique cupiditate non qui cumque. Labore beatae dolores qui est.',5,'2018-07-07 13:26:20','2018-07-07 13:26:20'),(3,51,'Caitlyn Stiedemann','Id culpa atque sit perferendis ad ea et soluta. Alias inventore et provident minima. Dolorem dolorum sint placeat expedita rerum.',0,'2018-07-07 13:26:20','2018-07-07 13:26:20'),(4,46,'Dr. Vicente Keebler DVM','Quibusdam quaerat illum ex error voluptatem minima asperiores velit. Illum earum in magni numquam. Aut earum beatae velit culpa. Eum quasi ratione aut quia. Reprehenderit dolores ut odit quod ducimus aut occaecati.',1,'2018-07-07 13:26:20','2018-07-07 13:26:20'),(5,16,'Gordon Wehner','Eos inventore ipsam tenetur unde. Laboriosam similique aut sunt est odio non.',2,'2018-07-07 13:26:20','2018-07-07 13:26:20'),(6,68,'Rogers Leffler','Expedita soluta laborum et non voluptatem minima voluptas. Aut ipsum est non. Enim quod ut nesciunt sunt. Dolor repudiandae sed nulla quasi at error.',2,'2018-07-07 13:26:20','2018-07-07 13:26:20'),(7,55,'Raphaelle Kunde','Nam ea quas vero. Non rerum aliquid consequatur et. Nihil laudantium omnis distinctio commodi nisi. Et occaecati in et sed.',1,'2018-07-07 13:26:20','2018-07-07 13:26:20'),(8,57,'Jarvis Mosciski','Et ut maxime quis ullam. Architecto sed sit numquam quisquam saepe libero debitis. Ipsa accusantium cumque et doloremque magnam voluptatem voluptatem. Laborum ullam necessitatibus facilis sit. Accusamus rerum voluptates enim.',5,'2018-07-07 13:26:20','2018-07-07 13:26:20'),(9,42,'Domenico Nitzsche','Debitis ex enim necessitatibus provident quasi sunt hic. Rem sit nostrum aut consequuntur laudantium nesciunt nam. Voluptatem in perferendis numquam a molestiae officia sed. Repellendus explicabo libero beatae.',1,'2018-07-07 13:26:20','2018-07-07 13:26:20'),(10,39,'Dr. Jayde Stamm','Iure ut ex laborum neque sit. Aut officiis quia eligendi magnam aut dolorem. Minima praesentium ut quisquam est. Accusantium inventore velit sed odio corrupti est atque ipsum.',4,'2018-07-07 13:26:20','2018-07-07 13:26:20'),(11,86,'Gudrun Becker','Natus inventore quibusdam possimus sunt iste. Cumque ipsa fugit suscipit ea repellat qui. Qui non voluptatibus doloremque ipsam iusto amet. Similique cupiditate reprehenderit et atque sapiente expedita fuga officiis.',5,'2018-07-07 13:26:20','2018-07-07 13:26:20'),(12,45,'Leta Hintz','Et ab facere officiis occaecati id. Et maxime fuga labore perferendis quae. Possimus omnis aut praesentium nostrum rerum sed sit. Blanditiis nemo illo unde voluptas.',4,'2018-07-07 13:26:20','2018-07-07 13:26:20'),(13,58,'Kailee Stokes','Et non necessitatibus beatae quas veniam omnis ipsa in. Molestiae ut voluptatum rerum distinctio eligendi totam sit dignissimos. Debitis in sint sit eaque qui est dolore. Facere cumque consequatur nisi quaerat eum in architecto.',3,'2018-07-07 13:26:20','2018-07-07 13:26:20'),(14,79,'Grayson Crooks','Rerum animi qui eaque id rem dicta magnam. Aut nisi et cupiditate debitis. Molestias sed illum expedita aliquid mollitia ex. Pariatur ducimus officia molestiae voluptates voluptates vel.',0,'2018-07-07 13:26:20','2018-07-07 13:26:20'),(15,47,'Jerod Gutkowski','Quas modi temporibus quia. Ea et asperiores veritatis omnis. Beatae asperiores deleniti culpa enim ipsum adipisci voluptas quo. Error rerum illum atque aliquam tempore quod velit.',5,'2018-07-07 13:26:20','2018-07-07 13:26:20'),(16,94,'Hayley Murray','Quo aperiam et alias sint labore dolor sed. Et iure blanditiis harum repudiandae magnam perferendis rerum. Totam et eligendi numquam voluptas odio porro placeat dolores.',3,'2018-07-07 13:26:20','2018-07-07 13:26:20'),(17,76,'Gunnar Thompson','Sunt molestiae itaque blanditiis laborum earum. Voluptatem quisquam libero ab reiciendis aliquid consequatur adipisci. Quia dolorem expedita esse voluptatem.',3,'2018-07-07 13:26:20','2018-07-07 13:26:20'),(18,49,'Shyanne Krajcik','At dolorem est ut. Impedit iste vero quod animi. Consequuntur unde facere beatae suscipit iusto accusamus.',2,'2018-07-07 13:26:20','2018-07-07 13:26:20'),(19,52,'Maya Jacobson','Nihil recusandae qui impedit et. Qui et atque eum facilis non sed facilis. Quaerat quod dicta maiores cupiditate. Nulla in aut ratione explicabo iure non officia.',4,'2018-07-07 13:26:20','2018-07-07 13:26:20'),(20,67,'Dayton Wintheiser','Doloribus ullam nam fuga aut quam cum asperiores. Aut dolor numquam mollitia. Vel perspiciatis voluptas et cumque aut explicabo nam necessitatibus. Provident asperiores sit asperiores.',3,'2018-07-07 13:26:20','2018-07-07 13:26:20'),(21,28,'Chase Hackett','Maiores blanditiis harum cumque dicta occaecati. Nihil et nisi tenetur perspiciatis.',1,'2018-07-07 13:26:20','2018-07-07 13:26:20'),(22,46,'Ardella Erdman III','Facilis pariatur voluptate asperiores omnis recusandae et tempore totam. Possimus et nihil autem molestias nobis sed. Adipisci quo deserunt eum vitae. Ad error voluptas ipsa assumenda.',1,'2018-07-07 13:26:20','2018-07-07 13:26:20'),(23,97,'Prof. Garrick Pagac','Voluptatem voluptas officiis quaerat libero inventore. Quos quia saepe qui id porro. Explicabo consequatur et maiores neque molestiae quae reprehenderit. Est qui nihil cum quia.',4,'2018-07-07 13:26:20','2018-07-07 13:26:20'),(24,29,'Mr. Ismael Larson','Ipsa dolor enim autem dolorem est. Laudantium aut sit a est et. Dolorem quo et unde autem. Optio numquam sapiente molestias magnam animi.',0,'2018-07-07 13:26:20','2018-07-07 13:26:20'),(25,36,'Miss Annie Hyatt','Quaerat accusantium ut quos reprehenderit possimus recusandae consectetur. Ut fugit dolorem voluptates aut quaerat eos vel. Quia quis quo sapiente optio. Velit quia ut voluptas laudantium.',1,'2018-07-07 13:26:20','2018-07-07 13:26:20'),(26,12,'Sheridan Zulauf','Non quidem temporibus eligendi. Ut ipsum quod consequatur qui et in. Consequatur labore soluta quia odit voluptatum deserunt.',0,'2018-07-07 13:26:20','2018-07-07 13:26:20'),(27,53,'Mr. Roman Smith Sr.','Consequatur minus nemo non quia quo. Eaque deserunt enim voluptatem enim. Doloremque et eum consequuntur et enim nesciunt. Commodi voluptate quod fugit reprehenderit inventore ut.',0,'2018-07-07 13:26:20','2018-07-07 13:26:20'),(28,82,'Miss Janae Walter III','Ad voluptatem dolorem doloremque qui qui ea eum. Sit qui eos vitae aut voluptatem soluta quaerat. Corporis aut excepturi est.',4,'2018-07-07 13:26:20','2018-07-07 13:26:20'),(29,4,'Dr. Lamont Gottlieb DDS','Dolor quia tempore asperiores in architecto qui. Culpa praesentium eum perspiciatis magnam neque.',2,'2018-07-07 13:26:20','2018-07-07 13:26:20'),(30,92,'Prof. Bradford Kris V','Est enim et perspiciatis. Debitis impedit eum magni ipsam mollitia maxime. Sed voluptas quibusdam facere laboriosam sed perspiciatis fugiat.',2,'2018-07-07 13:26:20','2018-07-07 13:26:20'),(31,24,'Miss Icie Wiegand','Consequuntur qui id vero et. Minus velit quia ex error nam. Ut ipsam cumque rem.',5,'2018-07-07 13:26:20','2018-07-07 13:26:20'),(32,63,'Americo Jast','Omnis maxime exercitationem et qui perspiciatis. Asperiores eos nisi ut non.',1,'2018-07-07 13:26:20','2018-07-07 13:26:20'),(33,32,'Dr. Prince Skiles DVM','Molestiae mollitia vitae sunt aut tempore nesciunt. Saepe et minus natus assumenda hic quasi vitae sint. Cumque ducimus quas reiciendis provident consequuntur provident omnis laborum.',5,'2018-07-07 13:26:20','2018-07-07 13:26:20'),(34,20,'Dr. Ciara D\'Amore III','Quo facere qui dolor repellendus ipsum voluptas. Et et id a et accusamus voluptatibus. Soluta nihil ipsum tenetur voluptatem et dolores. Porro sed distinctio voluptates consequatur ipsum molestias molestiae atque.',1,'2018-07-07 13:26:20','2018-07-07 13:26:20'),(35,8,'Bridie Stroman V','Eius ea sapiente unde minus. Sit libero porro delectus reprehenderit illum velit. Commodi dolorem dolorem rerum rerum accusamus soluta. Eius veniam fugit accusamus totam sint voluptatem.',5,'2018-07-07 13:26:20','2018-07-07 13:26:20'),(36,60,'Kiana O\'Hara','Qui laudantium voluptas sit architecto quia. Minima neque deserunt maiores nisi aliquid voluptatibus aperiam perferendis. Ut et at eveniet qui ut consequuntur hic.',0,'2018-07-07 13:26:20','2018-07-07 13:26:20'),(37,62,'Prof. Stuart Dickens','Beatae non enim animi reiciendis similique. Eius sapiente amet in voluptatem. Dolor sed ipsum quibusdam sint quod ea amet.',4,'2018-07-07 13:26:20','2018-07-07 13:26:20'),(38,46,'Dr. Richie Hettinger Sr.','Nostrum sunt quia a qui. Consectetur et sit ab veniam. Quasi deleniti voluptatibus aut corrupti facilis ab enim. Reiciendis modi corrupti tempore voluptates voluptatem voluptatem est.',4,'2018-07-07 13:26:20','2018-07-07 13:26:20'),(39,46,'Ms. Angelita Klein Jr.','Accusamus consequatur exercitationem ut pariatur omnis culpa ducimus. Cupiditate ratione quas et velit in ut minus. Autem rerum eos incidunt labore omnis harum.',2,'2018-07-07 13:26:20','2018-07-07 13:26:20'),(40,13,'Lorine Kreiger','Temporibus quo ut enim delectus asperiores doloremque. Et nihil voluptatem eos amet ipsam. Sed voluptatibus dolor ut consequatur et enim ullam velit.',1,'2018-07-07 13:26:20','2018-07-07 13:26:20'),(41,40,'Damien Zieme','Perferendis quia nesciunt error voluptates magnam voluptas. Nihil aspernatur id magni optio aperiam. Nisi delectus minima consequatur nulla odio quia.',3,'2018-07-07 13:26:20','2018-07-07 13:26:20'),(42,78,'Kyleigh Marvin','Amet illo minima quia nemo velit dolorem commodi qui. Blanditiis inventore accusamus sequi facilis reprehenderit optio. Porro consectetur assumenda quidem quae quisquam fuga molestiae.',0,'2018-07-07 13:26:20','2018-07-07 13:26:20'),(43,18,'Lorna Reichert Sr.','Nisi id impedit quibusdam et. Ut amet qui qui eum dolor nam.',3,'2018-07-07 13:26:20','2018-07-07 13:26:20'),(44,37,'Helene Denesik DVM','Voluptate dolor sit aspernatur qui illum optio velit perferendis. Qui eos reiciendis et. Cum dolor sint voluptas similique sit.',0,'2018-07-07 13:26:20','2018-07-07 13:26:20'),(45,80,'Ms. Catalina Klocko','Iure ad quos eos sed et et nam. Officia odit corporis quia est ut reprehenderit atque. Eos molestiae ullam consequatur inventore omnis. Beatae numquam doloribus sed cum. Voluptate ipsum temporibus consequatur eligendi hic exercitationem.',5,'2018-07-07 13:26:20','2018-07-07 13:26:20'),(46,42,'Mrs. Freida Leuschke I','Iusto similique consequuntur cumque quia impedit. Exercitationem dicta voluptatem vero illum molestias illum ab. Tempora maxime quaerat quo ut. Aperiam illum est est omnis non velit ex.',0,'2018-07-07 13:26:20','2018-07-07 13:26:20'),(47,11,'Laura Thiel','Mollitia sit soluta distinctio voluptates ullam velit. Doloremque non soluta distinctio ut eius. Illum sequi maiores eveniet nihil ratione. Aut autem eaque ipsam harum beatae vero. Numquam voluptatem delectus rerum veritatis saepe facilis ullam.',0,'2018-07-07 13:26:20','2018-07-07 13:26:20'),(48,12,'Prof. Jevon Prosacco','Error aut nisi aut omnis quas aut voluptatibus. Error sunt et est recusandae molestiae nihil quia. Ipsam rem iure occaecati repudiandae.',1,'2018-07-07 13:26:20','2018-07-07 13:26:20'),(49,100,'Mr. Emilio Toy','Minima consequatur assumenda soluta aut expedita fuga. Repudiandae asperiores eveniet omnis est odit autem aspernatur.',1,'2018-07-07 13:26:20','2018-07-07 13:26:20'),(50,61,'Leora Stracke','Voluptates voluptas est quia ullam. Et sint veniam accusamus velit quos quo corrupti. Architecto tenetur exercitationem fugiat et. Corrupti maxime et dolores reiciendis.',1,'2018-07-07 13:26:20','2018-07-07 13:26:20'),(51,99,'Hudson Hickle','Pariatur maiores non expedita temporibus dolore nemo. Cupiditate nisi harum et cupiditate. Ipsa doloremque provident est.',2,'2018-07-07 13:26:20','2018-07-07 13:26:20'),(52,35,'Kamren Hegmann','Voluptatem itaque adipisci eum consequuntur totam incidunt iusto consequatur. Occaecati consectetur non sunt ut possimus ex. Expedita repellendus in sint impedit explicabo eius. Vel sint esse ut.',4,'2018-07-07 13:26:20','2018-07-07 13:26:20'),(53,32,'Prof. Dorcas Block','Quaerat ut aliquid pariatur. Veniam repudiandae amet mollitia at quis praesentium. Perspiciatis quam numquam et dignissimos perferendis.',0,'2018-07-07 13:26:20','2018-07-07 13:26:20'),(54,84,'Marlon Nicolas','Unde quod delectus aut nulla quasi nihil et. Autem tenetur magni nisi voluptas quia. Incidunt voluptatibus quia tempore consequatur consequuntur deserunt. Libero in laudantium sint dolorem illo harum.',0,'2018-07-07 13:26:20','2018-07-07 13:26:20'),(55,17,'Nicole Olson','Et dolore natus quasi. Voluptatum veniam cumque fuga aut quia. Est error et repellendus nihil cum iusto facere.',0,'2018-07-07 13:26:20','2018-07-07 13:26:20'),(56,48,'Mr. Wendell Beier','Quae reprehenderit quibusdam provident ipsam error quasi. Omnis voluptatem maiores facilis similique. In non optio labore aspernatur non sequi id. Id dicta harum optio est consequatur quia distinctio.',2,'2018-07-07 13:26:20','2018-07-07 13:26:20'),(57,40,'Jacinthe Dare','Illo ducimus voluptatibus odio in voluptatem consequuntur iure assumenda. Necessitatibus ab fugit quia dolor. Delectus omnis sit necessitatibus voluptatem numquam possimus voluptas. Facilis explicabo eos deserunt optio soluta sint.',0,'2018-07-07 13:26:20','2018-07-07 13:26:20'),(58,98,'Ayden Nikolaus','Quaerat aut aut qui voluptates. Consequatur optio ratione unde molestias animi enim. Vitae incidunt totam quae explicabo illo ut. Eum officia rerum non modi.',5,'2018-07-07 13:26:20','2018-07-07 13:26:20'),(59,27,'Peter Gusikowski','Natus sed suscipit qui animi culpa omnis culpa. Molestiae placeat ea debitis esse voluptate sunt suscipit et. Atque sit sit nesciunt est dignissimos sequi. Perferendis sit nulla voluptatum tempore optio.',1,'2018-07-07 13:26:20','2018-07-07 13:26:20'),(60,74,'Miss Josefina Sporer DVM','Sunt aliquam ducimus quam error. Harum laborum et aperiam delectus ducimus tempora. Excepturi repellendus iste delectus voluptas. Maxime dolorem dolorem sed laboriosam in optio nobis.',4,'2018-07-07 13:26:20','2018-07-07 13:26:20'),(61,55,'Raphaelle Mayer','Error consectetur iste quas illo. Ut quam consequatur veniam aliquam facere accusantium nemo tempore. Quod quo dolor praesentium non quia et.',2,'2018-07-07 13:26:20','2018-07-07 13:26:20'),(62,14,'Mae Schaden','Autem asperiores consequatur beatae possimus voluptatem qui accusamus. Necessitatibus perspiciatis sed officiis quia aut. Soluta vel ad porro at aut architecto.',2,'2018-07-07 13:26:20','2018-07-07 13:26:20'),(63,92,'Mathew Halvorson','Aspernatur dolores expedita aut quam maxime aut. Doloremque aut excepturi repellat quaerat omnis eos corporis. Voluptatem accusamus quasi consequatur eos. Reprehenderit dolorum odit beatae fuga eum eveniet accusantium.',5,'2018-07-07 13:26:20','2018-07-07 13:26:20'),(64,39,'Larissa Batz II','Sed aperiam quo velit in hic accusantium. Perferendis non harum qui quia tempora non vitae. Ut eius debitis est repellat.',0,'2018-07-07 13:26:20','2018-07-07 13:26:20'),(65,77,'Prof. Anastacio Schumm IV','Facilis ut enim voluptas dicta et dolor. Non esse placeat quae corporis. Sint assumenda unde voluptatem. Dolorem velit dolorem qui qui.',4,'2018-07-07 13:26:20','2018-07-07 13:26:20'),(66,39,'Kory McClure','Aut dolorem voluptas sed et. Dolore eligendi molestiae quia asperiores rem consequuntur. Laborum rem ducimus repudiandae velit. Error commodi rerum dolor accusamus cum et deserunt.',2,'2018-07-07 13:26:20','2018-07-07 13:26:20'),(67,74,'Tito Grimes','Id molestias cupiditate quia consequatur. Non saepe minus consectetur amet sed. Et ex accusamus non.',2,'2018-07-07 13:26:20','2018-07-07 13:26:20'),(68,29,'Dixie Swaniawski','Eum qui quas sunt. Eveniet autem quas officia quidem ut assumenda non quos. Sunt dolor et quidem consequuntur aspernatur voluptas.',5,'2018-07-07 13:26:20','2018-07-07 13:26:20'),(69,25,'Adrian Bode','Facilis sunt adipisci et ut ut laboriosam. Voluptatem officia reprehenderit perferendis occaecati nisi rerum animi. Dolorem iste atque reprehenderit aut. Aperiam aut qui aut dicta.',1,'2018-07-07 13:26:20','2018-07-07 13:26:20'),(70,80,'Israel Bogisich','Reprehenderit perspiciatis ipsum facilis veritatis. Et labore dolor a debitis accusantium placeat repudiandae. Est aut blanditiis eaque quod impedit.',4,'2018-07-07 13:26:20','2018-07-07 13:26:20'),(71,80,'Ms. Elvie Schumm','Sunt alias voluptas cupiditate alias nesciunt. Et voluptatem dolorum sequi nemo. Culpa at ipsa iure earum ut consequuntur. Modi amet illo neque ut odio.',4,'2018-07-07 13:26:20','2018-07-07 13:26:20'),(72,67,'Marlin Lesch','Et ut quia repellat ut ut aperiam voluptas accusantium. Excepturi consequuntur dolor delectus non quisquam et. Autem atque autem quisquam. Optio laudantium modi est rerum tempora saepe voluptas. Et dolores necessitatibus perferendis culpa.',3,'2018-07-07 13:26:20','2018-07-07 13:26:20'),(73,60,'Irma Langworth','Et perspiciatis molestiae et expedita magnam voluptatibus ab exercitationem. Non nemo dolorem dolore hic dolor nostrum. Illum ab cupiditate rerum qui cumque voluptatem quia.',2,'2018-07-07 13:26:20','2018-07-07 13:26:20'),(74,36,'Una Kshlerin','Dolores non omnis omnis fugit adipisci est. Est consequuntur aut commodi non ipsum corrupti reiciendis. Aut consequatur neque ad est qui omnis voluptatem. Omnis temporibus laborum aut voluptatum in ut.',3,'2018-07-07 13:26:20','2018-07-07 13:26:20'),(75,84,'Miss Dolly Leannon','Dicta totam doloremque voluptatem ea nostrum assumenda est a. Ipsa pariatur porro ut optio est. Dolorem repudiandae maxime fuga velit fuga expedita culpa laborum. Nihil corporis nesciunt molestias dolores repudiandae.',5,'2018-07-07 13:26:20','2018-07-07 13:26:20'),(76,51,'Danny Gibson I','Facere sed voluptatem aspernatur consequatur nam. Est quia et nesciunt aut. Distinctio officiis iusto ex. Tenetur sit illo blanditiis quis odio.',1,'2018-07-07 13:26:20','2018-07-07 13:26:20'),(77,7,'Evelyn Beahan','Aut dolorem facere sit. Illo qui temporibus voluptatem repellat. Error laboriosam iure esse eum iusto mollitia quia.',3,'2018-07-07 13:26:20','2018-07-07 13:26:20'),(78,50,'Dr. Vladimir Bins','Hic laboriosam dolore est nemo aspernatur repellendus. Et magnam dolore nobis id et illo esse. Distinctio consequatur est non doloremque laudantium. Numquam voluptatum iusto quia provident corporis occaecati ipsum.',0,'2018-07-07 13:26:20','2018-07-07 13:26:20'),(79,7,'Alyson Eichmann','Sint neque minima accusantium ut expedita odit autem. Ex ipsum ipsa nemo dolore. Dicta ratione laborum quod iusto sunt rerum nulla. Saepe in eius doloremque voluptas at consequatur aut. Praesentium voluptatem similique laboriosam totam voluptatem.',4,'2018-07-07 13:26:20','2018-07-07 13:26:20'),(80,30,'Ines Hilpert','Dolorum voluptates dignissimos nulla impedit molestiae. Cupiditate cumque accusantium ut. Asperiores mollitia saepe assumenda.',4,'2018-07-07 13:26:20','2018-07-07 13:26:20'),(81,56,'Miss Luz Lang','Voluptatem corrupti tempora qui ea dolorem. Voluptas et dolorem perspiciatis sint voluptate beatae. Nihil corporis dignissimos quidem deleniti est quo magni dignissimos.',4,'2018-07-07 13:26:20','2018-07-07 13:26:20'),(82,51,'Dejuan Feest','Consectetur quis et dolores suscipit. Ut sit nemo autem animi. Ipsum laborum nobis quia neque in. Recusandae non voluptas cumque officiis voluptates explicabo.',2,'2018-07-07 13:26:20','2018-07-07 13:26:20'),(83,29,'Abelardo Murphy','Non aut non ea vel qui voluptate delectus dolor. Velit et aspernatur qui provident nostrum quod. Facilis ratione aut dolorem. Blanditiis consectetur provident et quia.',5,'2018-07-07 13:26:20','2018-07-07 13:26:20'),(84,35,'Darion Kemmer','Aut sed consequuntur consequatur quibusdam unde quia reprehenderit. Officiis cupiditate consequatur voluptates aut ut sunt vel. Autem non aut dolorum velit illo quia. Rem et fugit consequuntur aut et voluptatibus et.',1,'2018-07-07 13:26:20','2018-07-07 13:26:20'),(85,89,'Candice Rodriguez','Ut quas deserunt hic magni voluptatem qui. Adipisci voluptas ea vitae ex praesentium perferendis. Occaecati nemo doloremque aut ratione cupiditate omnis. Et laudantium voluptatem cum sit. Suscipit aliquam delectus quibusdam non eos odio.',4,'2018-07-07 13:26:20','2018-07-07 13:26:20'),(86,14,'Dr. Khalid Schuster Sr.','Assumenda excepturi neque harum et eos sint natus. Dolor pariatur repudiandae ipsa qui. Maiores fuga voluptatum tempora et sit. Nisi nesciunt quo soluta.',1,'2018-07-07 13:26:20','2018-07-07 13:26:20'),(87,6,'Donnell Kuhlman III','Et molestiae autem laboriosam consequatur aperiam enim consequatur. Aliquam sequi quia sint ut nesciunt voluptas. In voluptatibus id quam ut qui et minima quibusdam. Cumque sapiente dolore et facere est.',4,'2018-07-07 13:26:20','2018-07-07 13:26:20'),(88,93,'Bernice McGlynn','Non quaerat quia labore dolorem beatae sint. Minus quisquam quia mollitia ipsam molestiae cum. Laboriosam ipsum et ut est quam qui. Vero facilis blanditiis mollitia.',0,'2018-07-07 13:26:20','2018-07-07 13:26:20'),(89,67,'Prof. Colleen Lowe IV','Illum consequatur delectus at velit qui quae alias voluptas. Consequatur ad quis necessitatibus doloribus. Voluptas non et sint quo possimus debitis accusantium. Occaecati officiis voluptas omnis quae dicta.',1,'2018-07-07 13:26:20','2018-07-07 13:26:20'),(90,76,'Prof. Demarcus Franecki DVM','Odit maiores aut nobis exercitationem consequuntur odit. Magnam corrupti voluptas ullam blanditiis. Odit qui culpa ut similique natus facere. Quo voluptatem magni nemo. Officiis alias labore sed at rerum quas occaecati consequatur.',4,'2018-07-07 13:26:20','2018-07-07 13:26:20'),(91,69,'Dr. Sherman Glover IV','Ex veniam aut neque laborum quo quidem et. Sint quidem voluptate ea a eveniet dolores. Nobis asperiores praesentium quasi nam. Illum cupiditate rerum deserunt dolores est corporis quia.',1,'2018-07-07 13:26:20','2018-07-07 13:26:20'),(92,31,'Alverta Fay','Repudiandae ex veniam totam quam. Quis quia facilis unde ullam.',4,'2018-07-07 13:26:20','2018-07-07 13:26:20'),(93,65,'Reggie Schulist','Velit fuga quis ipsa error laboriosam. Voluptatem aliquid doloremque soluta mollitia delectus molestias. Distinctio perferendis fugiat nesciunt ut. Debitis distinctio neque officia labore architecto voluptatum reprehenderit. Porro possimus inventore harum et.',0,'2018-07-07 13:26:20','2018-07-07 13:26:20'),(94,37,'Gertrude Frami','Qui ut et corporis quia. Reiciendis impedit rerum praesentium non voluptas deleniti aut. Sit magnam molestiae ad quia. Amet ab minus voluptas voluptatum aut. Est aut odit dolores neque.',1,'2018-07-07 13:26:20','2018-07-07 13:26:20'),(95,50,'Carolyn Kessler','Quis eum vel quos ipsam. Est tempora accusantium hic sunt repellendus in error. Magni ipsum repellendus a delectus mollitia.',5,'2018-07-07 13:26:20','2018-07-07 13:26:20'),(96,43,'Beatrice Mohr','Porro et natus commodi sint exercitationem aut dicta. Nam nobis temporibus voluptatum. Dolorum nesciunt sed ipsum optio quibusdam voluptatem doloribus.',0,'2018-07-07 13:26:20','2018-07-07 13:26:20'),(97,58,'Royal Goyette','Quibusdam repellendus et aut dolorem. Repellat dolorum tempora suscipit voluptas. Ea odit sunt velit doloremque sit in. Qui ipsam nihil eos quis architecto.',5,'2018-07-07 13:26:20','2018-07-07 13:26:20'),(98,100,'Lauretta Huels','Officiis ea est voluptas rerum provident aliquid omnis. Voluptas sequi modi corporis optio dolorum. Necessitatibus rerum voluptas repellat et ex labore. Distinctio consequatur et voluptatibus et eum aut.',3,'2018-07-07 13:26:20','2018-07-07 13:26:20'),(99,36,'Kailee White','Illum tempora nihil et unde totam quam et. Omnis enim reiciendis rerum consequatur. Odit autem repudiandae odit sit est eos. Occaecati quis et inventore magnam eum voluptatum.',3,'2018-07-07 13:26:20','2018-07-07 13:26:20'),(100,78,'Velma Koss','Enim ab nesciunt repellat dolore autem ullam. Est labore laborum soluta mollitia. Praesentium quia mollitia molestiae et.',3,'2018-07-07 13:26:20','2018-07-07 13:26:20'),(101,16,'Dell Sawayn','Qui quas similique voluptatem quos hic ullam praesentium rerum. Qui corrupti tempore qui repudiandae. Reiciendis iure sunt mollitia sapiente nesciunt temporibus. Quisquam porro quam earum exercitationem.',0,'2018-07-07 13:26:20','2018-07-07 13:26:20'),(102,50,'Litzy Kessler','Non sunt blanditiis et modi maxime. Doloribus est velit et consequatur aut iure suscipit. Dicta placeat consequatur accusantium in.',4,'2018-07-07 13:26:20','2018-07-07 13:26:20'),(103,90,'Ms. Kyla Goldner V','Inventore ut fuga libero consequuntur est autem. Quidem laborum ea et beatae laudantium quod et aut. Adipisci quas illo nam impedit. Iusto tempore impedit sapiente ut.',2,'2018-07-07 13:26:20','2018-07-07 13:26:20'),(104,63,'Allene Walter','Harum voluptas natus cum quo rerum impedit aut. Est a sapiente qui asperiores dolores molestiae adipisci temporibus. Qui tenetur incidunt ad expedita. Voluptates quo itaque repudiandae nihil quas omnis.',1,'2018-07-07 13:26:20','2018-07-07 13:26:20'),(105,78,'Kirk Johns','Dolor doloremque id natus neque commodi illum. Est iste assumenda et asperiores doloribus quo vel eveniet. Occaecati reprehenderit dolorem sit in dolores natus autem et.',4,'2018-07-07 13:26:20','2018-07-07 13:26:20'),(106,59,'Jacklyn Ondricka','Asperiores reiciendis maiores ut et libero aliquam itaque. Et nemo omnis commodi voluptate. Aut accusantium perspiciatis ut est. Ipsam et et perferendis doloribus ducimus suscipit libero. Libero quas numquam incidunt non.',5,'2018-07-07 13:26:20','2018-07-07 13:26:20'),(107,45,'Miss Addison Koelpin','Est fugit esse voluptas sunt dolorem. At ipsa ut cum. Incidunt laboriosam possimus cupiditate error consequatur libero. Aspernatur recusandae repudiandae quos.',0,'2018-07-07 13:26:20','2018-07-07 13:26:20'),(108,86,'Adeline Jacobson','Odit eveniet vel ex neque voluptatem excepturi. Dignissimos quidem qui nobis non. Quasi voluptas repudiandae culpa voluptatibus voluptas eum eum nam. Dicta et illo mollitia maxime exercitationem labore.',3,'2018-07-07 13:26:20','2018-07-07 13:26:20'),(109,69,'Lenny Batz DVM','Fugiat eaque laborum voluptatem quae repellendus. Voluptatem vero ex quae saepe consectetur. Ratione atque inventore animi aperiam dolorum.',2,'2018-07-07 13:26:20','2018-07-07 13:26:20'),(110,82,'Dejah Flatley','Ex porro itaque debitis reiciendis ut laborum quis. Amet expedita ratione suscipit porro qui. Eos reprehenderit facilis enim rerum quia. Eveniet deleniti velit earum commodi qui nulla pariatur.',2,'2018-07-07 13:26:20','2018-07-07 13:26:20'),(111,25,'Ms. Isabelle Dickens I','Vel alias nihil unde aliquid sunt. Voluptatem velit vitae rerum voluptates vero. Et veniam sequi non. Quibusdam soluta aliquid odio mollitia.',2,'2018-07-07 13:26:20','2018-07-07 13:26:20'),(112,40,'Prof. Arianna Balistreri V','Minus consequatur modi fuga dolorem est. Et enim est exercitationem magnam sit. Magnam occaecati ut pariatur vitae.',4,'2018-07-07 13:26:20','2018-07-07 13:26:20'),(113,80,'Mrs. Flavie Hansen PhD','Aut et eos qui ut provident quia. Reprehenderit dolores voluptatum iure ut iusto alias autem enim. Voluptas aut non nisi dolores asperiores ab eos.',2,'2018-07-07 13:26:20','2018-07-07 13:26:20'),(114,60,'Jaiden Auer','Aut voluptatem tempore labore enim. At quo ad ut quasi quia soluta. Voluptatem corporis sunt repellendus consequatur pariatur molestiae ipsum.',5,'2018-07-07 13:26:20','2018-07-07 13:26:20'),(115,36,'Prof. Mikel Wyman','Architecto nobis magnam non necessitatibus qui. Qui dolorum et et quaerat vitae aliquam consequatur. Qui autem sunt quam dolor quo ad quis.',2,'2018-07-07 13:26:20','2018-07-07 13:26:20'),(116,10,'Delia Roob PhD','Ut illum eos ut vero omnis vero autem. Fuga perferendis quos rem quod. Aspernatur incidunt molestias molestiae maxime rerum. Eum nulla in totam qui dolore inventore.',4,'2018-07-07 13:26:20','2018-07-07 13:26:20'),(117,16,'Izabella Daniel','Reprehenderit et quia et autem et. Voluptates reprehenderit harum sed molestiae. Cumque culpa voluptatem qui quibusdam officia earum excepturi. Quia deleniti aspernatur velit omnis.',0,'2018-07-07 13:26:20','2018-07-07 13:26:20'),(118,59,'Valerie Kutch','Fugit quia dicta et illum quaerat quaerat exercitationem. Deserunt delectus soluta quasi quas ullam. Laboriosam ab a exercitationem cupiditate et et.',0,'2018-07-07 13:26:20','2018-07-07 13:26:20'),(119,73,'Troy Robel','Vero blanditiis inventore atque laboriosam vel. Excepturi fuga quae et perferendis.',1,'2018-07-07 13:26:20','2018-07-07 13:26:20'),(120,39,'Shakira Barton','Quas quaerat beatae culpa tempore totam quia. Deleniti itaque id aut dolorem est totam.',3,'2018-07-07 13:26:20','2018-07-07 13:26:20'),(121,90,'Bridgette Mann','Vitae cum incidunt ipsum suscipit aut nisi enim laudantium. Incidunt provident quia quam fugit quas. Ut odio aut dolores mollitia asperiores tempore. Eos possimus dolores laboriosam harum.',3,'2018-07-07 13:26:20','2018-07-07 13:26:20'),(122,35,'Howell Bartell','Voluptas unde praesentium dolorem architecto rerum vitae. Commodi et placeat placeat. Ad dolor sequi sed qui.',1,'2018-07-07 13:26:20','2018-07-07 13:26:20'),(123,28,'Dr. Brando West I','Provident inventore sit vitae placeat. Illum vitae aut est. Ut voluptas voluptas rerum molestiae repellat voluptatem dolorem. Deserunt distinctio sit a. Vel eius delectus tempore aut est.',2,'2018-07-07 13:26:20','2018-07-07 13:26:20'),(124,63,'Tiana Konopelski','Reprehenderit fuga dolore in repellat velit non. Et asperiores delectus neque voluptas voluptate quaerat accusamus est. Dolorum quam voluptas est dignissimos. Qui dolorem eum dolore earum alias. Impedit molestias magni aut atque facilis reprehenderit.',2,'2018-07-07 13:26:20','2018-07-07 13:26:20'),(125,81,'Colten Roberts V','Sunt quibusdam cum voluptatem eveniet. Omnis saepe officiis qui ab animi. Deleniti autem quis alias. Odit odio quia rerum quas quia ea natus.',1,'2018-07-07 13:26:20','2018-07-07 13:26:20'),(126,36,'Mr. Lisandro Bernhard PhD','Illum dignissimos est ullam est. Eaque voluptatem illum quos consectetur. Nobis reiciendis eos nam ut repellat dolorum aliquid.',3,'2018-07-07 13:26:20','2018-07-07 13:26:20'),(127,72,'Miss Kelsie Hamill','Vel cum sed ut natus cumque nisi nemo. Molestiae dolorum quae ex optio voluptatem beatae. Aut velit est aut.',0,'2018-07-07 13:26:20','2018-07-07 13:26:20'),(128,69,'Dahlia Schaefer','Libero suscipit expedita sit ipsa beatae quisquam. Aliquid autem animi non fuga nihil magni assumenda fugiat. Quia fuga eius aperiam voluptate voluptas sit. Velit at id facere sed et rerum et necessitatibus.',1,'2018-07-07 13:26:20','2018-07-07 13:26:20'),(129,20,'Mr. Justyn Parisian DVM','Non doloribus quidem doloremque expedita. Quisquam ut iste eligendi voluptatem est aut. Qui perspiciatis eos est eos est. Magnam perspiciatis est ipsum cumque ipsum nam alias. Et cumque quia reprehenderit asperiores animi aspernatur.',5,'2018-07-07 13:26:20','2018-07-07 13:26:20'),(130,74,'Adrianna Wilkinson','Aut sed accusantium accusamus. Tempore veniam dolorum rem aliquid qui ea occaecati velit. Est qui et omnis voluptas unde itaque. Qui nemo id culpa ab.',0,'2018-07-07 13:26:20','2018-07-07 13:26:20'),(131,23,'Freda Rolfson','Distinctio consequatur nemo nesciunt. Sunt consequuntur assumenda iste velit sapiente quasi. Repellat consequatur enim atque voluptate totam. Sint non eos alias.',4,'2018-07-07 13:26:20','2018-07-07 13:26:20'),(132,30,'Mrs. Velda Grady','Asperiores ut eos non tempora error. Explicabo ut animi quis dolorum adipisci veritatis ea. Minus libero fuga omnis aut. Vel libero quam cum aut ea consequatur animi.',0,'2018-07-07 13:26:20','2018-07-07 13:26:20'),(133,79,'Miles Bartell','Aut fuga nemo placeat blanditiis eum aliquid ipsam. Harum sed fuga aperiam et cupiditate. Eos est sint aut quos. Possimus ipsam qui ratione reiciendis laborum quod perferendis.',4,'2018-07-07 13:26:20','2018-07-07 13:26:20'),(134,14,'Rhiannon Herman','Doloremque rem rem nam neque. Iusto quam quis inventore error error. Quia esse placeat est a iste.',2,'2018-07-07 13:26:20','2018-07-07 13:26:20'),(135,50,'Dominique Witting','Sed veritatis quia veritatis quaerat. Eos ullam a iure et aut est assumenda. Quaerat quas quibusdam in voluptas laudantium eum aspernatur.',2,'2018-07-07 13:26:20','2018-07-07 13:26:20'),(136,89,'Prof. Elvie Ortiz','Repellat omnis blanditiis explicabo. Saepe ut distinctio rerum quia minus. Minima eaque laborum est cumque ut aut.',0,'2018-07-07 13:26:20','2018-07-07 13:26:20'),(137,61,'Jamaal Corkery','Perferendis quia quia est sint enim in eum. Aperiam incidunt vel sapiente nulla hic qui. Quo quis laboriosam at quisquam autem doloremque. Suscipit nihil voluptatem assumenda asperiores id.',1,'2018-07-07 13:26:20','2018-07-07 13:26:20'),(138,98,'Natasha Jast','Consequuntur voluptatem iste itaque et. Id velit impedit neque qui. Dolores voluptatum esse rerum minima et cupiditate.',4,'2018-07-07 13:26:20','2018-07-07 13:26:20'),(139,87,'Mr. Obie Lakin','Recusandae tempore doloribus reiciendis eum quia voluptas. Odit illum voluptatum deserunt molestiae et in ut. Quam quo rem ea eligendi.',4,'2018-07-07 13:26:20','2018-07-07 13:26:20'),(140,26,'Greta Kunze I','Consequatur quas est dolores aut. Qui cupiditate quas fuga eaque qui accusantium. Mollitia blanditiis inventore autem dolore ut. Eum ea occaecati et aspernatur.',2,'2018-07-07 13:26:20','2018-07-07 13:26:20'),(141,14,'Christop Wolf','Eos at nostrum odio aut. Sapiente maxime vel alias aperiam. Ad pariatur autem aut tenetur accusantium vitae. Ea error magni libero ad mollitia voluptate velit consequatur.',0,'2018-07-07 13:26:20','2018-07-07 13:26:20'),(142,7,'Katlynn Eichmann','Sit et quasi sapiente sapiente excepturi magni. In ut nostrum ut laborum eius tenetur. Id voluptas est numquam voluptas eos cupiditate eos.',0,'2018-07-07 13:26:20','2018-07-07 13:26:20'),(143,27,'Tommie Larkin','Laborum quod ut et et et aliquid. Rerum sint tempore illo magni consequatur sequi. Dignissimos et unde voluptatem omnis. Quis laboriosam possimus qui minus consectetur ratione.',3,'2018-07-07 13:26:20','2018-07-07 13:26:20'),(144,4,'Mireya Gibson','Quam aliquam omnis neque impedit labore odio doloribus. Nihil molestiae odio porro aut. Totam et omnis iure sed. Quia quis et et.',3,'2018-07-07 13:26:20','2018-07-07 13:26:20'),(145,99,'Roberta Fisher','Corporis velit reprehenderit sit nobis laudantium. Delectus quibusdam quidem provident omnis accusamus quod occaecati. Illum vitae blanditiis consectetur voluptatibus culpa nam consequatur id. Exercitationem eaque aut iste.',4,'2018-07-07 13:26:20','2018-07-07 13:26:20'),(146,8,'Rebekah Conroy','Facilis autem expedita sed explicabo eos. Quibusdam dignissimos laboriosam magnam exercitationem. Ullam autem in tempore soluta repellendus. Eum voluptate a architecto et culpa vel.',0,'2018-07-07 13:26:20','2018-07-07 13:26:20'),(147,41,'Ashleigh Yundt Sr.','Deserunt et modi velit deserunt sapiente nihil. Corporis nam beatae animi eligendi. Voluptas et inventore qui voluptatibus ratione ut dolorum. Id ipsam eaque facere aut.',3,'2018-07-07 13:26:20','2018-07-07 13:26:20'),(148,69,'Vernice Bernhard','Unde eum ratione et impedit. Maiores atque explicabo laudantium quae possimus quos impedit. Enim quo repellendus et impedit architecto. Numquam neque aut quam porro mollitia.',1,'2018-07-07 13:26:20','2018-07-07 13:26:20'),(149,3,'Miss Summer Hudson IV','Sit ut quis sed ut. Qui non est ea sit vel. Quod cupiditate facilis debitis mollitia aliquam.',3,'2018-07-07 13:26:20','2018-07-07 13:26:20'),(150,93,'Rozella Feest','Consequatur illum laudantium assumenda blanditiis consequatur sit consequatur. Repellendus animi quis facere natus eos voluptatem.',3,'2018-07-07 13:26:20','2018-07-07 13:26:20'),(151,23,'Audra Jaskolski','Nemo facere voluptas quae placeat quos quis unde. Sapiente distinctio quos deleniti nihil. Dolor ad dolore velit ipsum fuga deserunt. Ad rerum sequi natus et enim molestiae eius. Fugit quasi dolor optio dolores officia.',5,'2018-07-07 13:26:20','2018-07-07 13:26:20'),(152,77,'Rosemary Nikolaus','Quo nihil ab aut tenetur repudiandae. At placeat commodi ducimus dolore aut incidunt incidunt. Sit voluptas cum nihil.',4,'2018-07-07 13:26:20','2018-07-07 13:26:20'),(153,24,'Prof. Jarred Crooks','Aut neque praesentium commodi ullam est. Eum quasi et distinctio dolorem deleniti facere ipsam. Sapiente ut voluptatum accusamus natus placeat.',3,'2018-07-07 13:26:20','2018-07-07 13:26:20'),(154,36,'Stella Gulgowski','A vel aliquid iure molestiae qui. Aspernatur est optio ratione in neque neque.',5,'2018-07-07 13:26:20','2018-07-07 13:26:20'),(155,95,'Randall Lindgren','Ipsa eligendi dolores reiciendis. Et perspiciatis adipisci tenetur ut voluptatem eum cum. Omnis facilis exercitationem est omnis.',0,'2018-07-07 13:26:20','2018-07-07 13:26:20'),(156,37,'Cleve Feest','Sit velit odio vel rerum sapiente inventore. Qui libero facilis aliquid atque quo dolor consequatur laboriosam.',4,'2018-07-07 13:26:20','2018-07-07 13:26:20'),(157,28,'Moses Hansen','Maxime culpa et quam voluptas aspernatur itaque dignissimos. Deleniti consequatur repudiandae veniam ea.',4,'2018-07-07 13:26:20','2018-07-07 13:26:20'),(158,64,'Precious Grimes','Et ut harum totam eaque quos quo aut illum. Dignissimos pariatur et suscipit voluptate asperiores sequi. Amet accusantium veniam vel quis nobis vel. Odit ducimus et dignissimos fugit est.',5,'2018-07-07 13:26:20','2018-07-07 13:26:20'),(159,88,'Mireya Schuppe','Dolorum quibusdam aut hic optio. Aut placeat eveniet expedita earum amet nostrum aut. Quibusdam enim iure quis. Nihil voluptatum et qui voluptatem.',0,'2018-07-07 13:26:20','2018-07-07 13:26:20'),(160,87,'Vanessa Schuppe','Totam et perferendis doloribus magnam odio. Dolorum alias consequatur voluptas vero omnis. Quam laborum facilis sunt incidunt quo explicabo.',5,'2018-07-07 13:26:20','2018-07-07 13:26:20'),(161,71,'Leann Tremblay MD','Aut dolor laboriosam at omnis harum nemo. At omnis est nemo nobis ipsam sit. Eius molestiae dolorem accusantium maiores debitis cupiditate tempora. Magni repudiandae excepturi ipsa nulla.',3,'2018-07-07 13:26:20','2018-07-07 13:26:20'),(162,86,'Lane Torp','Explicabo ad qui perspiciatis perspiciatis. Rerum beatae at consequatur consequatur consequatur est. Omnis repudiandae ipsam ullam eos et iste. Minima culpa non vero et.',2,'2018-07-07 13:26:20','2018-07-07 13:26:20'),(163,34,'Prof. Elias Wolff','Officia repellat repellat illo minima. Veritatis ipsa dolorem ea consequuntur. Facilis voluptatem molestias autem. Aut eius est est quo et nostrum. Occaecati ipsum aspernatur aut quia soluta aliquid.',4,'2018-07-07 13:26:20','2018-07-07 13:26:20'),(164,74,'Ova Rodriguez II','Vel necessitatibus ut est molestiae sit. Excepturi molestiae nihil reprehenderit dolor praesentium aliquam maxime. Dolorem assumenda impedit atque pariatur soluta aut. Qui voluptas iusto consequatur doloribus aut et.',3,'2018-07-07 13:26:20','2018-07-07 13:26:20'),(165,15,'Estevan Upton','Alias earum quia cupiditate sunt et quisquam ut. Ab omnis et doloribus ullam eius reiciendis numquam. Numquam qui recusandae deserunt quis rem aliquam aut pariatur.',4,'2018-07-07 13:26:20','2018-07-07 13:26:20'),(166,19,'Haskell Little','Sunt adipisci voluptatem voluptatem. Et aut ad itaque quia placeat tempora placeat. Eaque laudantium facilis rerum voluptas quo vitae doloremque.',4,'2018-07-07 13:26:20','2018-07-07 13:26:20'),(167,78,'Diana Ledner','Voluptatum nihil harum rerum non qui id. Atque eligendi quibusdam eos totam. Quis corporis cum velit.',0,'2018-07-07 13:26:20','2018-07-07 13:26:20'),(168,66,'Cleve Zboncak','Nemo et ad sint est mollitia quisquam debitis. Omnis ea repellat quos autem modi. Eos et explicabo occaecati quo officiis laboriosam saepe.',2,'2018-07-07 13:26:20','2018-07-07 13:26:20'),(169,29,'Reina Wolf II','Et vel aut itaque assumenda est id dolorum. Quia ea voluptas est possimus nulla magnam alias delectus. Perferendis eligendi neque quisquam molestiae necessitatibus quia nesciunt dolor. Voluptatem quia voluptas qui illo.',0,'2018-07-07 13:26:20','2018-07-07 13:26:20'),(170,60,'Ms. Sandrine Wintheiser','Occaecati ipsa quae provident tenetur porro. Autem rem nam eligendi. In sed expedita ea voluptas id odit consequuntur. Perferendis error cum quibusdam quia velit.',3,'2018-07-07 13:26:20','2018-07-07 13:26:20'),(171,2,'Evelyn Kreiger','Dolores alias unde expedita amet inventore voluptatem. Maxime molestiae enim quia cumque aliquam. Magnam in quia esse maxime est sed.',4,'2018-07-07 13:26:20','2018-07-07 13:26:20'),(172,39,'Prof. Maya Nienow IV','Quaerat unde aliquam autem laborum fugiat in. Animi sunt sit laudantium. Quaerat in repellendus non ducimus non debitis.',2,'2018-07-07 13:26:20','2018-07-07 13:26:20'),(173,14,'Josianne Wuckert','Dicta distinctio aut modi ratione corporis saepe in. Dolores nemo natus repellat dicta enim quos.',3,'2018-07-07 13:26:20','2018-07-07 13:26:20'),(174,75,'Kelsie Jenkins','Quisquam sint ea voluptatibus aut id eveniet. Est quis dolorem consequatur sunt. Et quod omnis doloribus in.',1,'2018-07-07 13:26:20','2018-07-07 13:26:20'),(175,76,'Jasper Willms','Deserunt est nisi magnam quae. Tempore nostrum officia sunt pariatur ipsum inventore sunt. Ducimus fugit temporibus exercitationem et sint animi suscipit et. Molestias accusantium eveniet provident eveniet molestias dolorem in et. Beatae deleniti consequatur nisi impedit sunt odit.',0,'2018-07-07 13:26:20','2018-07-07 13:26:20'),(176,90,'Libbie Morar','Culpa ut quo sit quia dignissimos ut. Laborum ratione optio sed in quam quo. Enim totam et id adipisci.',2,'2018-07-07 13:26:20','2018-07-07 13:26:20'),(177,92,'Tanner Dicki','Aliquam et necessitatibus aut reiciendis doloribus sapiente. Expedita accusantium ex maiores et velit aliquam delectus. Rerum qui consectetur nihil repellat ut dolores qui.',5,'2018-07-07 13:26:20','2018-07-07 13:26:20'),(178,73,'Laverna Graham','Qui beatae atque ut illo enim temporibus est sint. Molestias exercitationem voluptatum quis distinctio. Officiis vel dolorum fuga et. Et enim illum sed tempore qui est. Voluptatem omnis sed voluptate aut.',0,'2018-07-07 13:26:20','2018-07-07 13:26:20'),(179,4,'Silas Aufderhar','Mollitia eos nihil et illo quos sed. Dicta autem rem ea at amet. Ut vel reprehenderit quia asperiores et. Ipsam laboriosam ratione corporis doloribus aut.',4,'2018-07-07 13:26:20','2018-07-07 13:26:20'),(180,19,'Buddy Welch Jr.','Natus modi consequatur assumenda vel et molestiae totam. Voluptatum vel cupiditate unde aut dicta. Necessitatibus nisi voluptatibus omnis perferendis fugit magnam molestias et.',1,'2018-07-07 13:26:20','2018-07-07 13:26:20'),(181,74,'Destany Batz','Similique nemo explicabo et quod quisquam qui. Doloribus nam qui quos sit sit. Odit nobis dolor eum numquam blanditiis sequi modi dolorum. Similique totam ea vel.',2,'2018-07-07 13:26:20','2018-07-07 13:26:20'),(182,67,'Gerald Ledner','Voluptate dolores sit odio repudiandae tempora vitae. Ut aliquam rem excepturi ea error cupiditate et voluptatem. Quod id consequuntur consequatur quos non.',2,'2018-07-07 13:26:20','2018-07-07 13:26:20'),(183,88,'Judd Smith','Voluptatum molestiae quo odio nemo aut. Aperiam asperiores ad aliquid quia. Autem tenetur libero est voluptate nostrum.',2,'2018-07-07 13:26:20','2018-07-07 13:26:20'),(184,29,'Alessandra Brekke Jr.','Quaerat quidem sapiente omnis. Et eum sit enim. Non ea blanditiis molestiae.',4,'2018-07-07 13:26:20','2018-07-07 13:26:20'),(185,19,'Lamont Rogahn','Repellat et deserunt est qui suscipit atque corrupti cupiditate. Qui dolores molestias omnis odio quidem. Porro et ducimus aut suscipit nobis labore aut. Commodi odit tempore quasi. Atque blanditiis asperiores facere.',1,'2018-07-07 13:26:20','2018-07-07 13:26:20'),(186,16,'Prof. Carole Purdy','Facere molestias ipsam id adipisci molestiae earum sit. In exercitationem quia quibusdam natus. Harum impedit perferendis sit eum ea in et.',3,'2018-07-07 13:26:20','2018-07-07 13:26:20'),(187,7,'Wilbert Baumbach','Saepe omnis voluptatem et dignissimos et nisi. Nostrum quam ipsum unde deleniti iste et sit.',0,'2018-07-07 13:26:20','2018-07-07 13:26:20'),(188,61,'Nikki Fahey','Quae quasi id est et amet voluptas nostrum. Quibusdam nisi modi hic doloremque consectetur inventore reprehenderit voluptatum. Dolor perferendis magnam commodi quia aliquid doloribus aperiam.',0,'2018-07-07 13:26:20','2018-07-07 13:26:20'),(189,46,'Virginia Sauer V','Distinctio assumenda doloribus voluptatem enim dolorum. Facere est cumque magni est similique.',5,'2018-07-07 13:26:20','2018-07-07 13:26:20'),(190,9,'Trenton Anderson','Rerum exercitationem qui soluta non quia similique. Voluptas temporibus illum ratione quas necessitatibus. Unde ipsum ut qui voluptas eos voluptatibus aliquam.',0,'2018-07-07 13:26:20','2018-07-07 13:26:20'),(191,71,'Ms. Muriel Parisian III','Atque dolor amet sit similique aliquam minus. Ex qui temporibus quasi quia rerum. Perferendis et explicabo sunt tenetur enim quibusdam dolore consequatur. Sed id non molestiae rerum officia tempore occaecati.',2,'2018-07-07 13:26:20','2018-07-07 13:26:20'),(192,89,'Emery Ruecker DDS','Voluptatem porro vel et porro sint veritatis in. Dolor reprehenderit in non voluptas dolores aut vel. Aut voluptatum et expedita excepturi pariatur assumenda ipsum est. At eaque ab et molestiae.',4,'2018-07-07 13:26:20','2018-07-07 13:26:20'),(193,98,'Harrison Gleason V','Laboriosam voluptas consequatur laudantium libero voluptates sit. Quibusdam libero velit libero molestiae dolor temporibus. Qui commodi dolor sit doloremque.',2,'2018-07-07 13:26:20','2018-07-07 13:26:20'),(194,14,'Daphney Collier','Aut a deserunt ipsa id et quia unde. Deleniti illo neque exercitationem harum culpa rerum occaecati. Quas voluptas molestias omnis ut.',5,'2018-07-07 13:26:20','2018-07-07 13:26:20'),(195,69,'Thea Morar','Id possimus sit itaque aut quia velit in. Eos recusandae consequatur vel labore amet.',3,'2018-07-07 13:26:20','2018-07-07 13:26:20'),(196,4,'Jack Hilll Jr.','Beatae porro quam delectus mollitia exercitationem non. Quae quibusdam in libero id ea excepturi. Unde dignissimos natus non sunt et molestiae ex facilis. Voluptatibus expedita quibusdam a.',4,'2018-07-07 13:26:20','2018-07-07 13:26:20'),(197,89,'Mr. Morris Hessel','Nam voluptatibus porro enim ullam. Hic et sit magnam possimus. Cumque illo quia nostrum velit omnis.',5,'2018-07-07 13:26:20','2018-07-07 13:26:20'),(198,77,'Leonard Feil','Molestiae id magnam inventore quo distinctio ut reiciendis. Et necessitatibus corrupti voluptatum et deserunt in. Ipsam et nostrum provident nemo. Ut aut qui ipsam est.',0,'2018-07-07 13:26:20','2018-07-07 13:26:20'),(199,69,'Prof. Charles Ratke','Consequatur dolores odio at commodi et iure. Est et voluptas nesciunt sunt perspiciatis molestias quia.',4,'2018-07-07 13:26:20','2018-07-07 13:26:20'),(200,25,'Miles Mosciski','Nulla numquam suscipit sint qui. Quas error modi ullam ea. Et sed commodi consectetur itaque eum occaecati. Fugit ut possimus sit dolorem sed quos.',5,'2018-07-07 13:26:20','2018-07-07 13:26:20'),(201,86,'Ryder Bergstrom','Fugit impedit facilis omnis ex totam eligendi. A sint dolorum molestiae. Consequuntur sed accusantium consequuntur minima voluptatibus perspiciatis sapiente. Ea minus eum consequatur exercitationem ea fuga neque.',0,'2018-07-07 13:26:20','2018-07-07 13:26:20'),(202,91,'Dr. Arturo Rodriguez Sr.','Ut ipsum molestiae aut magnam. Illum eveniet at quis nihil aliquam qui sequi. Et consequatur eius animi provident.',1,'2018-07-07 13:26:20','2018-07-07 13:26:20'),(203,81,'Connie Hills','Nulla sint assumenda ipsa repellendus quo ut nesciunt. Sequi vel numquam sequi quaerat. Ut et natus sapiente qui reiciendis aut.',4,'2018-07-07 13:26:20','2018-07-07 13:26:20'),(204,9,'Ross Turner','Quia iste velit maxime eos explicabo et molestiae. Officiis optio et enim quas perspiciatis accusamus ut. Minima cupiditate adipisci rerum nobis. Eius aut ea voluptatibus quo sit.',5,'2018-07-07 13:26:20','2018-07-07 13:26:20'),(205,48,'Beryl Nienow','Officia in earum cupiditate at quis rerum. Est fuga qui sequi non aliquid. Quaerat magnam quo dicta pariatur odio. Et quibusdam dignissimos enim alias.',5,'2018-07-07 13:26:20','2018-07-07 13:26:20'),(206,98,'Major Rolfson PhD','Illum voluptatibus qui veritatis esse labore. Error voluptate est voluptatem aliquid quod unde. Cumque in quia eos minus tempore.',0,'2018-07-07 13:26:20','2018-07-07 13:26:20'),(207,30,'Malcolm Zemlak','Voluptatum culpa beatae iusto recusandae nostrum et. Itaque voluptatem velit ad sunt quia consequatur. Sed laboriosam distinctio ut velit.',1,'2018-07-07 13:26:20','2018-07-07 13:26:20'),(208,68,'Lera Lubowitz','Nulla natus quod maxime qui dolores possimus. Itaque qui qui soluta alias. Modi eum assumenda non laboriosam corporis magnam deleniti. Fugiat autem veritatis velit rerum quos.',5,'2018-07-07 13:26:20','2018-07-07 13:26:20'),(209,58,'Ms. Tracy Luettgen DVM','Nulla et enim error laborum illum. Molestiae a ab et qui provident fugiat. Iste eos autem et enim ratione.',2,'2018-07-07 13:26:20','2018-07-07 13:26:20'),(210,18,'Pauline Hand','Saepe necessitatibus porro sit. In illum quia in officia odio sint officiis. Quia repudiandae ea quo ut doloribus ad. Beatae voluptatum aut ea pariatur magnam.',1,'2018-07-07 13:26:20','2018-07-07 13:26:20'),(211,94,'Manley Streich','Aut odit quod exercitationem eveniet. Aliquam neque numquam numquam. Sint non quisquam eaque voluptatum ipsam ut quia totam. Voluptas odio nihil libero fuga.',1,'2018-07-07 13:26:20','2018-07-07 13:26:20'),(212,35,'Lauretta Rau Jr.','Qui ut dolorem est itaque nostrum. Omnis vitae ullam exercitationem dolorem nemo quia qui delectus. Modi vero animi sint fuga quisquam accusamus ipsum. Iste omnis a qui harum sit quaerat.',4,'2018-07-07 13:26:20','2018-07-07 13:26:20'),(213,49,'Kiara Goodwin','Iure veritatis quasi enim sed odio expedita. Et aperiam quo autem magnam quia. Culpa culpa ipsa totam.',0,'2018-07-07 13:26:20','2018-07-07 13:26:20'),(214,54,'Darrell Streich','Adipisci cum totam et necessitatibus. Omnis qui assumenda minima. Dolorem soluta aut dolorem aut qui vero. Rerum nobis dolores sit eum voluptatibus ipsa.',1,'2018-07-07 13:26:20','2018-07-07 13:26:20'),(215,35,'Prof. Lester Wyman','Dolores quaerat inventore quia. Placeat qui repudiandae dignissimos inventore enim at. Voluptates repellat similique illum. Tempora corporis porro ipsa ducimus ducimus.',5,'2018-07-07 13:26:20','2018-07-07 13:26:20'),(216,90,'Ines Jast','Perferendis consequatur et possimus et quis. Soluta sint molestias recusandae harum voluptatibus.',2,'2018-07-07 13:26:20','2018-07-07 13:26:20'),(217,52,'Dr. Timmy Becker','Praesentium minima commodi consectetur. Ut earum est temporibus magni maxime. Nihil iusto esse quae officia. Iusto et quod voluptatem quae tenetur dolorem reiciendis cumque. Ducimus dolor rem odio iusto sit beatae iste perferendis.',2,'2018-07-07 13:26:20','2018-07-07 13:26:20'),(218,82,'Miss Maia King IV','Maxime aut omnis praesentium harum repellat aut cupiditate. Vitae amet qui non molestiae voluptatem porro. Corrupti amet impedit rem quo ut. Aliquid fuga ea aut et optio.',3,'2018-07-07 13:26:20','2018-07-07 13:26:20'),(219,14,'Ibrahim Hermann','Distinctio dolores recusandae culpa numquam ex id excepturi qui. Qui earum aut vero vel accusamus voluptas neque. Eaque exercitationem quod ut eius veniam consequatur.',4,'2018-07-07 13:26:20','2018-07-07 13:26:20'),(220,55,'Dr. Tierra Hammes II','Id assumenda dolores provident consectetur maxime consequatur fugiat nisi. Aut accusamus sapiente suscipit omnis dolore et. Quia ut nihil minus. Aut repellat quidem velit eligendi et.',5,'2018-07-07 13:26:20','2018-07-07 13:26:20'),(221,57,'Natasha Effertz','Blanditiis perferendis expedita laborum ut illum distinctio. Nihil voluptas accusamus dolorem nihil eligendi a. Dolore in ut dolor at deserunt voluptates.',1,'2018-07-07 13:26:20','2018-07-07 13:26:20'),(222,86,'Mr. Vito Schowalter','Aut et consequatur ducimus porro dolor sunt. Necessitatibus voluptatem iste sapiente voluptate dolorem itaque.',3,'2018-07-07 13:26:20','2018-07-07 13:26:20'),(223,92,'Okey Parker','Amet temporibus sequi praesentium qui explicabo vero nihil. Minima voluptatem aspernatur non. Cupiditate voluptatum aut nulla. Alias corrupti mollitia ipsum velit aut voluptatibus eum inventore.',3,'2018-07-07 13:26:20','2018-07-07 13:26:20'),(224,10,'Jarrell Wuckert V','Est omnis eligendi ut commodi nesciunt quae. Ut nulla delectus recusandae. Vel ullam corporis voluptate.',3,'2018-07-07 13:26:20','2018-07-07 13:26:20'),(225,97,'Dr. Rocky Dickens I','Beatae non repellat veritatis excepturi. Ullam dignissimos velit vitae non.',0,'2018-07-07 13:26:20','2018-07-07 13:26:20'),(226,99,'Lolita Cartwright','Deserunt quia aspernatur vero distinctio quae animi nesciunt nulla. Rerum alias neque dolorem esse repudiandae dolorem. Eveniet fuga officiis vitae quia vel velit ipsum vero. Id qui voluptatum deserunt voluptas fugiat harum quis corporis.',2,'2018-07-07 13:26:20','2018-07-07 13:26:20'),(227,29,'Bridgette Schroeder DDS','Provident officiis totam et aperiam. Et laborum qui ex quia eveniet sit minima. Perspiciatis consequuntur quis qui dicta ducimus nemo.',3,'2018-07-07 13:26:20','2018-07-07 13:26:20'),(228,50,'Meaghan Mante','Quia voluptatem quia voluptas. Corporis id et dicta eius. Deserunt veniam necessitatibus aliquid recusandae. Voluptatibus accusantium excepturi accusantium. Illum deleniti saepe impedit in occaecati vitae.',4,'2018-07-07 13:26:20','2018-07-07 13:26:20'),(229,13,'Miss Shanon Mosciski','Quo sed nobis voluptate ea architecto sit corrupti. Hic quia dolore non deserunt. Quasi est aut magni vitae quia ut suscipit.',4,'2018-07-07 13:26:20','2018-07-07 13:26:20'),(230,57,'Helen Christiansen','Omnis blanditiis et vel accusantium enim et. Et harum aut soluta vero impedit atque non. Nobis ex excepturi consequatur magnam et hic harum.',1,'2018-07-07 13:26:20','2018-07-07 13:26:20'),(231,38,'Dudley Brown','Cupiditate magni voluptate sapiente. Enim molestiae esse voluptatum. Non labore voluptatum omnis ea. Corporis quaerat quo autem est aspernatur est. In aut ut natus asperiores temporibus nisi.',5,'2018-07-07 13:26:20','2018-07-07 13:26:20'),(232,96,'Dr. Wilfrid Erdman','Est non expedita quo aut architecto recusandae voluptatibus. Eum doloremque veniam doloribus qui odio dolor. Officia ut qui accusantium autem. Voluptas ducimus illo ad qui quia sed asperiores.',5,'2018-07-07 13:26:20','2018-07-07 13:26:20'),(233,63,'Napoleon Hudson','Delectus sunt laboriosam rem dignissimos nostrum eligendi. Repellat ipsum id vero modi cupiditate. Numquam deleniti debitis voluptatem illo illum aliquam.',1,'2018-07-07 13:26:20','2018-07-07 13:26:20'),(234,21,'Adrianna Hodkiewicz','Sed dolorem velit debitis voluptatem omnis dolor illo ducimus. Nam aspernatur dolores est aut et aut doloribus. Quam aut quia necessitatibus neque eos quis. Tempore illum aperiam ipsa.',2,'2018-07-07 13:26:20','2018-07-07 13:26:20'),(235,99,'Zion Parisian','Est rerum dolores iste in. Deleniti fugiat accusantium voluptatibus ipsam tempore similique tempora. Ullam id aut aut praesentium. Nesciunt voluptatem enim itaque ex enim qui ea. Ex exercitationem sed dolores.',0,'2018-07-07 13:26:20','2018-07-07 13:26:20'),(236,34,'Prof. Ryann Howe','Reiciendis doloremque esse accusantium eos. Hic necessitatibus culpa provident quo eum at aut. Voluptates illo dolor omnis quaerat ea.',1,'2018-07-07 13:26:20','2018-07-07 13:26:20'),(237,53,'Howard Will','Neque quos maxime voluptas illum non quo. Ullam laborum unde ex soluta a quo earum.',4,'2018-07-07 13:26:20','2018-07-07 13:26:20'),(238,76,'Ms. Lera Hansen MD','Aliquam aut placeat quas itaque occaecati tempora ea ducimus. Id non distinctio et quo ipsam rerum libero et. Vel ut eaque rerum vel sit. Dolores ratione dolor est aut. Quod ducimus sint sequi dolorem quo voluptas et.',4,'2018-07-07 13:26:20','2018-07-07 13:26:20'),(239,72,'Mrs. Corrine Becker','Qui possimus eum ut quae et. Eaque adipisci corrupti unde cumque saepe modi laboriosam.',1,'2018-07-07 13:26:20','2018-07-07 13:26:20'),(240,45,'Chloe Marvin','Quasi dolore exercitationem ipsum temporibus distinctio tempore fugit. Voluptatem aut voluptatem asperiores omnis officia dolor deleniti velit. Perspiciatis optio debitis eaque inventore voluptatem odio.',4,'2018-07-07 13:26:20','2018-07-07 13:26:20'),(241,24,'Leora Schimmel','Atque pariatur fugiat nihil. Laborum qui explicabo voluptas sit eos. Accusantium deserunt quia in dolor consequatur aliquam possimus.',5,'2018-07-07 13:26:20','2018-07-07 13:26:20'),(242,93,'Rosalee Cummerata','Accusantium consequatur dignissimos qui consectetur quasi. Necessitatibus cum vel ut et enim ratione. Et maxime expedita voluptatibus enim placeat a est.',5,'2018-07-07 13:26:20','2018-07-07 13:26:20'),(243,34,'Arlo Dare','Vitae animi perspiciatis et sit ut ipsum vitae. Amet autem aut et deleniti cumque ipsa quam. Voluptatem similique nisi rerum quos aut necessitatibus pariatur. Nulla modi et corporis vel. Sint et eaque cumque necessitatibus et.',4,'2018-07-07 13:26:20','2018-07-07 13:26:20'),(244,3,'Maiya Tremblay','Autem et ex animi voluptas. Ipsa officiis ad magnam. Officiis iusto accusantium consequuntur dicta in dignissimos et. Iure eveniet amet laudantium harum maxime est.',0,'2018-07-07 13:26:20','2018-07-07 13:26:20'),(245,28,'Willie Cole','Aut autem quibusdam magnam. Beatae quam consequatur deleniti eaque qui. Et fugit veritatis et esse et perspiciatis molestias. Expedita earum pariatur illum expedita sequi molestiae.',2,'2018-07-07 13:26:20','2018-07-07 13:26:20'),(246,62,'Delfina Murazik','Iure id repellat est eos voluptatem. Quas incidunt quis cumque accusamus non aliquam omnis. Mollitia aut sit facere consequatur quam.',3,'2018-07-07 13:26:20','2018-07-07 13:26:20'),(247,63,'Mr. Carol Adams','Similique et aspernatur assumenda maiores sunt. Id debitis nihil a minima illo voluptas. Non neque provident eveniet.',3,'2018-07-07 13:26:20','2018-07-07 13:26:20'),(248,8,'Geoffrey Smitham','Fuga et aut voluptatem. Impedit quidem quia deserunt aspernatur. Cum impedit ea quasi labore. Natus eaque placeat earum eum.',0,'2018-07-07 13:26:20','2018-07-07 13:26:20'),(249,42,'Mr. Waldo Schuppe','Sint quibusdam omnis ex et perferendis magnam. Repellat id dignissimos quos beatae non ipsam. Ea dolorum nesciunt quam natus est iste et odit. Harum nihil non magni voluptatum unde sunt sed.',0,'2018-07-07 13:26:20','2018-07-07 13:26:20'),(250,29,'August Larson IV','Nihil et voluptatem cum id quidem dolor neque. Sed mollitia dolorem voluptas quisquam occaecati. Incidunt harum illo facere aspernatur voluptatem. Corporis quos natus quae quia porro explicabo. Dolorem vitae sapiente unde quisquam.',0,'2018-07-07 13:26:20','2018-07-07 13:26:20'),(251,99,'Holly Gutmann','Rerum dolorum eius iure nihil eius. Doloremque corporis quasi labore sint mollitia voluptatum. Maiores nemo voluptate ipsum adipisci laudantium quis sint. Nobis ullam laboriosam aliquam quibusdam explicabo officiis.',2,'2018-07-07 13:26:20','2018-07-07 13:26:20'),(252,47,'Abel Jakubowski DDS','Quo dolores minus similique dolore ut veritatis. Ab officia et expedita est. Quod sit porro est minus modi ullam. Sit tempora quod ea est.',2,'2018-07-07 13:26:20','2018-07-07 13:26:20'),(253,87,'Ms. Laurie Durgan','Fugit ipsam ut doloribus nesciunt nesciunt facilis. Qui inventore repellat voluptatum quisquam ut ut. Eligendi eligendi eius recusandae quaerat qui qui.',5,'2018-07-07 13:26:20','2018-07-07 13:26:20'),(254,57,'Mr. Jacey Altenwerth I','Consequuntur dicta deserunt mollitia debitis in soluta doloremque. Occaecati sunt et quo quia. Repudiandae laboriosam non rerum dolores.',3,'2018-07-07 13:26:20','2018-07-07 13:26:20'),(255,100,'Prof. Alford Marks','Dignissimos sed est sunt. Hic est quisquam est nihil. Vel qui itaque ut ipsum architecto animi et ut. Nisi sed aliquid consequatur iure est voluptatibus accusantium consequatur.',2,'2018-07-07 13:26:20','2018-07-07 13:26:20'),(256,83,'Mr. Eusebio Kunze','Ea omnis quia impedit illum laborum sit. Et voluptates ab omnis harum sit odio ex. Soluta a esse vel aut quidem sunt ut.',4,'2018-07-07 13:26:20','2018-07-07 13:26:20'),(257,4,'Adrain Stanton','Explicabo ratione nesciunt et voluptatem. Nemo voluptas voluptatem error et dolorem alias. Quia animi non eius asperiores harum. Dolorum ipsum facere sit consequuntur. Quibusdam quidem aliquid maxime aut qui.',0,'2018-07-07 13:26:20','2018-07-07 13:26:20'),(258,24,'Joana Roberts','Quaerat fugiat ipsam quaerat porro dolores aut. Praesentium voluptatem voluptas et iusto consectetur id accusantium. Assumenda iusto quia et aut itaque quam minus. Blanditiis dolore eos consequatur aliquid.',1,'2018-07-07 13:26:20','2018-07-07 13:26:20'),(259,19,'Sherwood Dickinson','Aut sit quas iusto eveniet atque dolorem quia. Sed pariatur et veniam rem voluptatem fugit et. Dolorem beatae quidem et similique. Unde est et nihil omnis eum.',1,'2018-07-07 13:26:20','2018-07-07 13:26:20'),(260,86,'Tyler Maggio','Nulla voluptatem repellendus sed consectetur aut sint sint. Quos provident odit error quis quibusdam sint. Architecto odit delectus sed officiis. Ipsam beatae autem qui est. Voluptatem veniam autem libero ut in consequatur quo.',5,'2018-07-07 13:26:20','2018-07-07 13:26:20'),(261,51,'Dedric Larkin DDS','Et eos explicabo illum eveniet molestias et cum non. Odio dolor dolor enim aut assumenda id quo.',2,'2018-07-07 13:26:20','2018-07-07 13:26:20'),(262,34,'Mr. Ross McGlynn Sr.','Commodi ex commodi recusandae libero. Deserunt accusantium labore magnam hic. Maxime itaque aut eaque veritatis.',5,'2018-07-07 13:26:20','2018-07-07 13:26:20'),(263,100,'Pinkie Moen','Dignissimos eveniet rerum rerum sequi laborum at. Rerum quae qui eveniet quia qui quia. Est enim id est. Voluptate ex aliquam libero architecto quae.',3,'2018-07-07 13:26:20','2018-07-07 13:26:20'),(264,24,'Llewellyn Blick','Fuga exercitationem nostrum excepturi explicabo omnis aut. Occaecati vitae est omnis. Nihil blanditiis voluptate error exercitationem cum qui non. Numquam rerum quia voluptas harum sunt occaecati incidunt.',2,'2018-07-07 13:26:20','2018-07-07 13:26:20'),(265,88,'Ernest Nienow','Molestiae nesciunt quo omnis voluptatem aut. Qui laborum iste nulla soluta aut facere quia. Adipisci voluptates suscipit facere ea in non.',0,'2018-07-07 13:26:20','2018-07-07 13:26:20'),(266,20,'Major Wisoky','Similique ex adipisci sit nesciunt a omnis repudiandae sit. In dolore ut quas non similique ea quis. A repudiandae ea aperiam neque sed veniam harum. Occaecati nemo sed officiis sapiente accusamus ut ut. Eius nostrum aliquid perferendis.',2,'2018-07-07 13:26:20','2018-07-07 13:26:20'),(267,31,'Johann Ebert','Id quidem unde et voluptate sit ut iure. Ex aut suscipit earum et expedita natus officiis nihil. Rem nihil officia soluta consequuntur dignissimos.',4,'2018-07-07 13:26:20','2018-07-07 13:26:20'),(268,95,'Myrna Satterfield','Rerum repudiandae aperiam quidem. Dolore cumque iure aut quos a nobis vero. Deleniti iste sunt eum dolores est. Cupiditate totam officia maxime reprehenderit rerum nihil soluta.',5,'2018-07-07 13:26:20','2018-07-07 13:26:20'),(269,94,'Bridget Bayer','Et adipisci perferendis rerum ullam libero non quos harum. Exercitationem fuga quisquam et dolorem est culpa. Sint possimus cupiditate velit omnis iusto omnis magni.',3,'2018-07-07 13:26:20','2018-07-07 13:26:20'),(270,51,'Dana Hahn MD','Nesciunt inventore illo aut ut debitis doloribus occaecati quas. Explicabo corrupti qui quo temporibus dolorem autem officia temporibus. Quibusdam pariatur voluptas laudantium omnis. Quia tempora est maxime quos adipisci ab fuga dolores.',4,'2018-07-07 13:26:20','2018-07-07 13:26:20'),(271,79,'Anabelle Hagenes MD','Enim debitis eum cupiditate cupiditate et dolor omnis tempore. Quisquam beatae laboriosam saepe nostrum necessitatibus mollitia optio. Fugit ullam quia eligendi iste autem hic. Dicta quia voluptas qui occaecati veniam necessitatibus voluptates. Repellat suscipit ut tempora unde ex ut sint.',1,'2018-07-07 13:26:20','2018-07-07 13:26:20'),(272,70,'Ms. Tianna Ernser','Et voluptatem magnam perspiciatis fuga unde quos. Quasi dolorem ullam accusantium eum velit eos. Nihil possimus ad ut sit modi optio quas. Aspernatur nesciunt quae et.',5,'2018-07-07 13:26:20','2018-07-07 13:26:20'),(273,63,'Barbara Hirthe II','Error quam reiciendis velit placeat qui quia sit ea. Vero natus quas dolor possimus molestias. Illo facilis molestiae vero nam similique voluptatum repellat. Assumenda voluptatem iusto exercitationem debitis occaecati.',3,'2018-07-07 13:26:20','2018-07-07 13:26:20'),(274,5,'Peyton Parker MD','Cupiditate eaque animi in dolorem. Vero voluptatem tempora dignissimos voluptatem ab nihil. Delectus perferendis et voluptatem quam voluptas et voluptatem.',3,'2018-07-07 13:26:20','2018-07-07 13:26:20'),(275,49,'Jessie Satterfield','Dolor voluptates quas quos non quas vel unde. Qui qui sed sequi incidunt est vero. Dicta aperiam odit ullam et dignissimos qui atque corrupti.',1,'2018-07-07 13:26:20','2018-07-07 13:26:20'),(276,43,'Toni Ledner','Sed aut fuga consequatur deserunt ut molestiae dolores cupiditate. Non aut possimus id laboriosam non enim. Aut doloremque ut omnis praesentium totam. Id itaque vitae non enim.',0,'2018-07-07 13:26:20','2018-07-07 13:26:20'),(277,53,'Mr. Dominic Bechtelar','Dolor dignissimos sit corrupti et. Est neque inventore beatae dolore sapiente beatae aperiam doloremque. Optio dolores impedit aut molestiae sed est.',3,'2018-07-07 13:26:20','2018-07-07 13:26:20'),(278,42,'Kiel Keeling I','Non optio vitae ut sunt. Nobis ut totam occaecati voluptas et voluptatem molestias. Magnam quo nemo nemo minus consectetur id.',2,'2018-07-07 13:26:20','2018-07-07 13:26:20'),(279,17,'Anastacio Ebert','Laborum et voluptas odit est quam adipisci. Dignissimos qui delectus nulla iste dolore.',4,'2018-07-07 13:26:20','2018-07-07 13:26:20'),(280,78,'Dr. Mohamed Tremblay I','Vitae eos et iure in eveniet non. Corporis maiores modi fuga enim sunt et perferendis. Ratione ea officiis beatae. Quis ut architecto voluptas accusamus.',5,'2018-07-07 13:26:20','2018-07-07 13:26:20'),(281,22,'Prof. Angela Toy','Ab accusantium distinctio et. Occaecati quibusdam tempora possimus eum aliquam sed et quo. Eos quo ipsam fugit esse. Et nihil ut est qui laudantium labore.',5,'2018-07-07 13:26:20','2018-07-07 13:26:20'),(282,85,'Jadyn Kub DVM','In quia natus eos aliquid amet. Facere ad et odio omnis. Autem deleniti ea modi repudiandae. Totam iusto consequatur expedita nobis provident.',1,'2018-07-07 13:26:20','2018-07-07 13:26:20'),(283,76,'Helena Braun III','Nesciunt id excepturi sint et officia placeat iure. Doloremque facere aut non qui placeat et eum quam. Et pariatur dolor officiis nihil eveniet. Aut quis harum aliquid omnis rerum ut eaque.',3,'2018-07-07 13:26:20','2018-07-07 13:26:20'),(284,97,'Miss Blanche Sipes','Odit tenetur molestias enim magni ut beatae eos. Facilis facere omnis itaque nesciunt numquam. Molestiae omnis tenetur sit dolorem dolorem aut ut. Tempora laborum explicabo ea.',3,'2018-07-07 13:26:20','2018-07-07 13:26:20'),(285,65,'Itzel Mosciski','Dolores expedita quo nam sunt iusto. Sit odio in vel nihil. Minima soluta tempora impedit eos consectetur commodi culpa.',4,'2018-07-07 13:26:20','2018-07-07 13:26:20'),(286,21,'Roslyn Reichert','Aliquid incidunt cupiditate consequuntur et. Nesciunt esse qui optio sint inventore atque facere perspiciatis. Ut nam veniam architecto explicabo id qui sit. Dignissimos vel recusandae officia repellat modi autem.',0,'2018-07-07 13:26:20','2018-07-07 13:26:20'),(287,16,'Prof. Paxton Hoppe PhD','Esse alias fugiat beatae quibusdam laborum delectus. Ut nihil sit molestiae esse enim quo. Culpa aperiam modi voluptatem.',2,'2018-07-07 13:26:20','2018-07-07 13:26:20'),(288,33,'Ashlynn Swift','Illo qui accusantium et voluptatem minima possimus corporis. Id totam nobis autem omnis. Sint blanditiis delectus quod sint alias cum quo.',3,'2018-07-07 13:26:20','2018-07-07 13:26:20'),(289,63,'Hayden Sanford V','Modi officia ea et soluta. Deleniti eos et earum. Dolorem et deserunt voluptas facere omnis quibusdam veritatis.',1,'2018-07-07 13:26:20','2018-07-07 13:26:20'),(290,47,'Prof. Garett Schuppe Jr.','Accusamus animi quia consequatur accusantium nemo a velit. Laudantium consectetur voluptatem corporis sunt et corrupti. Optio et illo accusamus commodi beatae sed.',0,'2018-07-07 13:26:20','2018-07-07 13:26:20'),(291,87,'Tatum Ritchie','Aut officia autem sed qui laudantium vero perferendis. Et sunt ea quam voluptatem qui amet. Est quia laborum iusto perspiciatis est quas autem. Vel cum ea excepturi soluta eum.',0,'2018-07-07 13:26:20','2018-07-07 13:26:20'),(292,53,'Zoey Hettinger PhD','Rerum dolore animi voluptate ea ab molestias. Distinctio corrupti voluptas ut laudantium. Similique omnis doloribus eum. At necessitatibus qui neque corporis.',1,'2018-07-07 13:26:20','2018-07-07 13:26:20'),(293,21,'Robert Wintheiser I','Voluptatem porro et amet debitis facere. Ipsam quaerat et eos distinctio eum accusantium occaecati aut. Voluptatem magnam fugit voluptatibus alias. Autem repellendus magni eaque odit.',3,'2018-07-07 13:26:20','2018-07-07 13:26:20'),(294,47,'Maud Abbott','Voluptas sit non et assumenda rerum. Veniam modi reiciendis minus in. Ipsa accusamus asperiores recusandae hic.',4,'2018-07-07 13:26:20','2018-07-07 13:26:20'),(295,13,'Lura Grant','Fugit recusandae illo aut corporis deserunt provident optio. Blanditiis enim et sit dignissimos veritatis possimus minus odio. Explicabo explicabo fugiat rerum eum doloribus.',0,'2018-07-07 13:26:20','2018-07-07 13:26:20'),(296,40,'Cayla Tromp','Corporis enim dolores fuga placeat molestias cum. Alias est labore occaecati excepturi deserunt accusantium voluptas.',5,'2018-07-07 13:26:20','2018-07-07 13:26:20'),(297,4,'Zechariah Hartmann','Vel deserunt illo consequatur quisquam voluptatem enim omnis. Dolor molestiae explicabo nobis magnam autem occaecati fuga qui. Neque placeat ut quis quam.',3,'2018-07-07 13:26:20','2018-07-07 13:26:20'),(298,16,'Raoul Hagenes Sr.','Labore assumenda eveniet nesciunt facere neque voluptate. Blanditiis maxime necessitatibus amet illum odio voluptas. Aut rerum mollitia esse quia qui. Quia recusandae saepe eos atque. Et est ratione beatae consectetur facilis.',3,'2018-07-07 13:26:20','2018-07-07 13:26:20'),(299,68,'Jaren Jakubowski','Quo qui consequatur pariatur voluptatum voluptate laboriosam ab. Aut quos eveniet minima qui. Impedit eos voluptatibus repudiandae totam numquam voluptas perspiciatis. Molestiae aperiam voluptatem adipisci.',5,'2018-07-07 13:26:20','2018-07-07 13:26:20'),(300,92,'Gerhard Jaskolski MD','Recusandae omnis esse necessitatibus. Eligendi tempore maiores sit aperiam. Aspernatur nostrum dolores pariatur impedit voluptatem. Voluptatem est molestiae blanditiis.',5,'2018-07-07 13:26:20','2018-07-07 13:26:20');
/*!40000 ALTER TABLE `reviews` ENABLE KEYS */;
UNLOCK TABLES;

--
-- Table structure for table `users`
--

DROP TABLE IF EXISTS `users`;
/*!40101 SET @saved_cs_client     = @@character_set_client */;
/*!40101 SET character_set_client = utf8 */;
CREATE TABLE `users` (
  `id` int(10) unsigned NOT NULL AUTO_INCREMENT,
  `name` varchar(191) COLLATE utf8mb4_unicode_ci NOT NULL,
  `email` varchar(191) COLLATE utf8mb4_unicode_ci NOT NULL,
  `password` varchar(191) COLLATE utf8mb4_unicode_ci NOT NULL,
  `remember_token` varchar(100) COLLATE utf8mb4_unicode_ci DEFAULT NULL,
  `created_at` timestamp NULL DEFAULT NULL,
  `updated_at` timestamp NULL DEFAULT NULL,
  PRIMARY KEY (`id`),
  UNIQUE KEY `users_email_unique` (`email`)
) ENGINE=InnoDB DEFAULT CHARSET=utf8mb4 COLLATE=utf8mb4_unicode_ci;
/*!40101 SET character_set_client = @saved_cs_client */;

--
-- Dumping data for table `users`
--

LOCK TABLES `users` WRITE;
/*!40000 ALTER TABLE `users` DISABLE KEYS */;
/*!40000 ALTER TABLE `users` ENABLE KEYS */;
UNLOCK TABLES;

--
-- Dumping routines for database 'eapi'
--
/*!40103 SET TIME_ZONE=@OLD_TIME_ZONE */;

/*!40101 SET SQL_MODE=@OLD_SQL_MODE */;
/*!40014 SET FOREIGN_KEY_CHECKS=@OLD_FOREIGN_KEY_CHECKS */;
/*!40014 SET UNIQUE_CHECKS=@OLD_UNIQUE_CHECKS */;
/*!40101 SET CHARACTER_SET_CLIENT=@OLD_CHARACTER_SET_CLIENT */;
/*!40101 SET CHARACTER_SET_RESULTS=@OLD_CHARACTER_SET_RESULTS */;
/*!40101 SET COLLATION_CONNECTION=@OLD_COLLATION_CONNECTION */;
/*!40111 SET SQL_NOTES=@OLD_SQL_NOTES */;

-- Dump completed on 2018-07-08  0:29:56
